date,mean,std,curv_z,ci_lower,ci_upper,ci_mid,pnl_no_fees_pred,pnl_pred,signal
2001-08-29,1.772417109227675e-05,2.6811621813313846e-05,-0.41722622428379647,,,,,,0
2001-09-26,1.72076346692275e-05,2.6656526673774034e-05,-0.6803819072193461,,,,,,0
2001-10-24,1.691638259053128e-05,2.6601264993563535e-05,-0.3648413914650851,,,,,,0
2001-11-21,1.7061111013583202e-05,2.6597995198918042e-05,0.25241457593967115,,,,,,0
2001-12-19,1.765802777260683e-05,2.7197963651055356e-05,2.0926101885667032,,,,,,0
2002-01-16,1.8182186112641018e-05,2.8290504812591833e-05,2.9597335897049284,,,,,,0
2002-02-13,1.854494823910973e-05,2.9028974048650162e-05,2.621163676276371,,,,,,0
2002-03-13,1.8881033788163613e-05,2.9857892378196442e-05,2.976746744842461,,,,,,0
2002-04-10,1.9971176687809775e-05,3.298668260024456e-05,4.376079053853005,,,,,,0
2002-05-08,2.1301642233826343e-05,3.6667154131161433e-05,4.434099489807857,,,,,,0
2002-06-05,2.202789053709818e-05,3.813559750911308e-05,2.92530171676189,,,,,,0
2002-07-03,2.2490651353967873e-05,3.904544449008652e-05,2.522687680728015,2720.6614145473995,5493.985583480246,4107.323499013823,10361.494391726856,10137.71625841867,1
2002-07-31,2.3236477323539197e-05,3.952440828786348e-05,1.5849789729695771,3249.7191477439055,5928.562572387657,4589.140860065781,7273.691767199784,5674.753526044603,1
2002-08-28,2.308654350843695e-05,3.945417369909417e-05,0.2723474351061373,3282.6326061878663,5858.255870961937,4570.444238574902,1244.748765671497,0.0,0
2002-09-25,2.2919735426477883e-05,3.9470118085811515e-05,-0.3080514104854766,3192.0513216399313,5745.761775111735,4468.906548375833,-1376.652965554958,0.0,0
2002-10-23,2.3079255223539118e-05,3.9393638503764516e-05,-0.2707031087210572,3273.7010627854934,5754.833835254239,4514.267449019866,-1222.0262320479542,0.0,0
2002-11-20,2.3668731385138072e-05,3.86906528720089e-05,-0.42219705287243814,2623.877613246474,5519.523446603103,4071.7005299247885,-1719.0599639133902,0.0,0
2002-12-18,2.4232545950830565e-05,3.8407540197433674e-05,0.24228176105115046,2725.0848141120496,5564.176141836691,4144.6304779743705,1004.168371109902,0.0,0
2003-01-15,2.4263724948963437e-05,3.838927577353379e-05,-0.5391723563100308,2540.8079060537884,5331.763495334872,3936.28570069433,-2122.3364363528426,0.0,0
2003-02-12,2.4520170424600216e-05,3.8307510529491076e-05,0.022015067995924897,2566.788116210788,5322.731950345615,3944.7600332782013,86.84416036022657,0.0,0
2003-03-12,2.4767307186950263e-05,3.815972944372801e-05,-0.2661999534744902,2356.9341132139652,5153.185382528711,3755.059747871338,-999.5967301772811,0.0,0
2003-04-09,2.4770850288217665e-05,3.8159120446602946e-05,-0.16550978093190827,2431.5951190266296,5174.839365909181,3803.217242467905,-629.4696526373192,0.0,0
2003-05-07,2.489700971404046e-05,3.812014504407827e-05,-0.13893446510951563,2442.8703775729737,5124.836469338015,3783.8534234554945,-525.7076514405986,0.0,0
2003-06-04,2.4264407616282477e-05,3.802840914783318e-05,-0.6963017778024538,1587.751592875914,4363.471129074276,2975.611360975095,-2071.923480696138,0.0,0
2003-07-02,2.347363148372726e-05,3.87584164011552e-05,-1.9358299544588038,1292.3863973471812,3724.991413453234,2508.6889054002077,-4856.39512949219,-3489.056467140349,-1
2003-07-30,2.302255802213896e-05,3.913149984814453e-05,-1.3972078062566438,1639.0964355428794,3897.581300108787,2768.3388678258334,-3867.9446764899335,-1723.837526907656,-1
2003-08-27,2.3330373269112415e-05,3.920649566238595e-05,0.6375016986478838,1026.6511417181987,3342.7962104685853,2184.723676093392,1392.7650545857864,0.0,0
2003-09-24,2.3738432988282973e-05,3.947153986409212e-05,1.1630686236764038,2246.9203886960104,4572.927119847381,3409.9237542716955,3965.9753277222567,1596.7345603291342,1
2003-10-22,2.38952230863702e-05,3.946595868966812e-05,0.16537608414966132,2261.0828396536085,4543.296303272231,3402.1895714629195,562.640788863352,0.0,0
2003-11-19,2.4573067473332372e-05,3.960598604116807e-05,1.0684826806518801,2236.8640149190624,4387.322334067396,3312.093174493229,3538.9141936513206,965.8844372639342,1
2003-12-17,2.517473460172267e-05,4.00362840364728e-05,1.4632754086407154,2975.964632392479,4953.270767080694,3964.6176997365865,5801.327584686266,3526.1058146838513,1
2004-01-14,2.60336200768757e-05,4.060709674007742e-05,1.72158745570102,3643.7903288247257,5414.234590304883,4529.012459564804,7797.091037100389,5599.184861767178,1
2004-02-11,2.653694288452468e-05,4.056172871675739e-05,0.5373416844388649,3632.251980949467,5358.039499428039,4495.145740188753,2415.4291838312124,0.0,0
2004-03-10,2.7090737703386272e-05,4.082274724598916e-05,1.1502891119730407,4061.690607198515,5695.465326648361,4878.577966923438,5611.7751172636035,2829.538261739327,1
2004-04-07,2.7007377036416906e-05,4.083295500988126e-05,-0.22433331033303897,4178.279504025662,5821.935175506507,5000.107339766085,-1121.690631550251,0.0,0
2004-05-05,2.7233621020305596e-05,4.09369258233626e-05,0.7335641885706399,2912.058269247807,4758.641482624924,3835.349875936365,2813.475319625764,0.0,0
2004-06-02,2.807681003480957e-05,4.1882182815808644e-05,2.1142189395909066,-1334.1537760865156,570.5794309223133,-381.7871725821011,-807.1816711659402,0.0,0
2004-06-30,2.8796499874313224e-05,4.253188010456402e-05,1.7415882826839222,-1519.2467119015869,181.26546621177715,-668.9906228449049,-1165.1062299721054,0.0,0
2004-07-28,2.9346337674742534e-05,4.274132569451732e-05,1.025911614878819,-1157.1292585622841,477.25867781637254,-339.93529037295576,-348.74356270081927,0.0,0
2004-08-25,2.9702987323945116e-05,4.277306809542864e-05,0.509174584219602,-489.4471603885987,1380.6768229029367,445.61483125716893,226.8957464274571,0.0,0
2004-09-22,2.9836015157784536e-05,4.283293022285504e-05,0.6021136446594025,-528.8439119139655,1293.0781380580252,382.11711307202984,230.0779276385289,0.0,0
2004-10-20,2.9970774314344318e-05,4.280807180941072e-05,-0.023736806727354422,-515.9367378700335,1284.2178617688205,384.14056194939354,-9.118270275130072,0.0,0
2004-11-17,2.9908115245485727e-05,4.2831952584386084e-05,-0.4511573973882833,249.54702321512627,2285.8458558114507,1267.6964395132886,-571.9306263292086,0.0,0
2004-12-15,2.9841947777173896e-05,4.2847885236154994e-05,-0.31637196267560364,447.69695347019126,2471.682868482849,1459.68991097652,-461.80496203341875,0.0,0
2005-01-12,2.9812253117430626e-05,4.286658335856251e-05,-0.658352818704885,1175.9950361589786,3192.5585869549936,2184.276811556986,-1438.0247957202607,0.0,0
2005-02-09,2.9411782823292744e-05,4.300146058257991e-05,-0.8032759169747741,1071.0615993827214,2990.7054335073462,2030.8835164450338,-1631.3598189413383,0.0,0
2005-03-09,2.9442671521515657e-05,4.299734658377346e-05,-0.09560987950409597,1177.3533329714412,3409.319931123814,2293.3366320476275,-219.26563905240295,0.0,0
2005-04-06,2.9639511663961497e-05,4.301054425335318e-05,0.29749618954877105,1203.4294943182667,3397.389038608355,2300.409266463311,684.3629911755185,0.0,0
2005-05-04,2.979076517901911e-05,4.298002083492788e-05,-0.02217801418113518,1175.4924258714518,3380.053136532347,2277.7727812018993,-50.51647704289944,0.0,0
2005-06-01,2.9508032718182333e-05,4.313021030754588e-05,-0.8561271112651879,-946.3264899079752,1278.8384389319797,166.25597451200224,-142.3362471895392,0.0,0
2005-06-29,2.8976463290617196e-05,4.309272289381676e-05,-0.5530806267560598,202.34156206607577,2470.712447909833,1336.5270049879543,-739.2071935951373,0.0,0
2005-07-27,2.8750329490246838e-05,4.319223190643821e-05,-0.6996225130383619,3017.9168297235797,5594.61221956623,4306.264524644905,-3012.759608540015,-192.22316940379324,-1
2005-08-24,2.8797155369834815e-05,4.3175814350634085e-05,-0.29246801174446746,3214.8814304975467,5753.324877239474,4484.10315386851,-1311.456733869019,0.0,0
2005-09-21,2.8559434420045406e-05,4.319298814390573e-05,-0.34945750863689473,2845.567209765611,5350.646683411123,4098.1069465883675,-1432.1142436823227,0.0,0
2005-10-19,2.832511775439618e-05,4.3385647317501276e-05,-1.0850882603940097,6178.819444343104,8542.989253868946,7360.904349106025,-7987.230895098157,-5548.003856921113,-1
2005-11-16,2.819749903225424e-05,4.343752879326438e-05,-0.5506770931527315,6810.153601773602,9106.835380061197,7958.494490917399,-4382.560612130421,-1293.0321437882903,-1
2005-12-14,2.8349003012491724e-05,4.332135076641974e-05,-0.5837224693762181,5721.980610735667,7988.797826435206,6855.3892185854365,-4001.644723207793,-941.3473034698618,-1
2006-01-11,2.8303851143634597e-05,4.3357186113350004e-05,-0.8381471086212039,5824.53545611623,7909.50829834309,6867.02187722966,-5755.574531238592,-2907.4380197474193,-1
2006-02-08,2.8225763750440212e-05,4.3461230755171565e-05,-1.408504733113695,7813.903732299731,9577.476162843312,8695.689947571522,-12247.920448843668,-9768.027015524134,-1
2006-03-08,2.8244476605928944e-05,4.344633277710074e-05,-0.7667149602378474,7899.028715454804,9565.021521219905,8732.025118337355,-6694.974291401909,-3611.7516041920135,-1
2006-04-05,2.8583803314732117e-05,4.3316343325634e-05,0.015707241083484338,7890.731670120086,9554.276051771776,8722.503860945932,137.0064709955007,0.0,0
2006-05-03,2.8572866398101148e-05,4.332767091984571e-05,-1.0381801887979,8698.468477318784,10211.431401493279,9454.949939406031,-9815.941713167247,-6879.412289174837,-1
2006-05-31,2.8409752486237585e-05,4.34366273909005e-05,-0.8502378284921209,8453.105821485771,9867.545704854127,9160.325763169949,-7788.455485158048,-4667.867141517668,-1
2006-06-28,2.8594018531909508e-05,4.320699644999696e-05,-1.0218851712766497,9937.698272955982,11298.258120190792,10617.978196573387,-10850.354468017127,-7823.628943154706,-1
2006-07-26,2.9034226045189836e-05,4.2529985845187405e-05,-1.0122767839178257,5815.402857610343,7565.156114505395,6690.279486057869,-6772.4146016580635,-3936.1384103035352,-1
2006-08-23,2.897586578594353e-05,4.259655617796775e-05,-1.197801988510964,3277.5223726124113,4984.660069268806,4131.091220940609,-4948.229279162848,-2248.7422518971152,-1
2006-09-20,2.768538803698891e-05,4.241998579986118e-05,-1.4005174151546975,1691.340806986485,3234.4977761127852,2462.919291549635,-3449.3613599357336,-808.0769736008351,-1
2006-10-18,2.7254270418768304e-05,4.295683790654061e-05,-1.7321645972028121,1593.5008295685566,2894.490614531458,2243.9957220500073,-3886.9699460095844,-1291.8406783029432,-1
2006-11-15,2.677661767401316e-05,4.3498536755525825e-05,-1.6705093514502722,1376.9552494838204,2515.411888836586,1946.1835691602032,-3251.117851920987,-480.1255919264495,-1
2006-12-13,2.6218518772028806e-05,4.415796933891514e-05,-1.7995032653124348,324.97719428825224,1351.4223159647777,838.1997551265149,-1508.3431963342468,0.0,0
2007-01-10,2.5621629574218524e-05,4.478466792521329e-05,-1.705436530472432,989.1996027407783,1922.5395681796647,1455.8695854602215,-2482.893174647618,0.0,0
2007-02-07,2.4822543646730515e-05,4.5385454556358374e-05,-1.6286798431366085,1216.996037736844,2067.9119484775683,1642.453993107206,-2675.0317118529406,0.0,0
2007-03-07,2.4273460818891092e-05,4.604896391641111e-05,-1.7900848346320348,-222.60701531914543,632.8553327995917,205.1241587402231,-367.1896457775275,0.0,0
2007-04-04,2.3667103224993537e-05,4.640945769421486e-05,-1.246210460626631,224.0582402869543,1052.9433618364167,638.5008010616855,-795.706377401556,0.0,0
2007-05-02,2.2874391186175322e-05,4.686278430614078e-05,-1.4177602627695693,292.2534113418609,1067.3297626487015,679.7915869952811,-963.7814990069724,0.0,0
2007-05-30,2.1989141174115108e-05,4.7391934366689496e-05,-1.5318829385074166,610.5567271932844,1334.5405471825673,972.5486371879258,-1489.8306641768231,0.0,0
2007-06-27,2.1384999470908296e-05,4.7596955692554326e-05,-0.976298538897751,415.511703413992,1121.5602584945213,768.5359809542566,-750.3205552959905,0.0,0
2007-07-25,2.085937806045418e-05,4.7573053138024234e-05,-0.5129201010959521,342.6200891384355,1041.5285765566432,692.0743328475394,-354.9788367700735,0.0,0
2007-08-22,2.0688211526133485e-05,4.7711334178549326e-05,-0.9799656928705102,-5724.1507359845,-3291.7965070921437,-4507.973621538322,4417.659493472785,1887.5778509600304,1
2007-09-19,2.0172641503569042e-05,4.789123327170138e-05,-0.8885171024050353,-6092.291782126405,-3736.8478979697525,-4914.569840048079,4366.679353846697,1691.2119501367024,1
2007-10-17,1.99546019089966e-05,4.797643140466117e-05,-0.6160802756605627,-5821.4655294324175,-3509.8138978189227,-4665.63971362567,2874.4086009033713,0.0,0
2007-11-14,1.9665447981161717e-05,4.8210357308414404e-05,-1.102013087551882,-9336.969662967253,-6835.529709295994,-8086.249686131623,8911.152983329348,6567.569275540537,1
2007-12-12,1.87935615509526e-05,5.002421952614986e-05,-2.902823825133476,-11890.223083491142,-9973.421446029191,-10931.822264760167,31733.154122270407,30793.32936178585,1
2008-01-09,1.8008403557154807e-05,5.0649490868610545e-05,-1.5665294621694223,-11318.824027443286,-9527.762347417007,-10423.293187430147,16328.395870939152,14009.377824976804,1
2008-02-06,1.6694372275507164e-05,5.272743237876537e-05,-2.7935118593053403,-17748.419310971163,-15897.848203506408,-16823.133757238786,46995.62366152656,45858.5263379976,1
2008-03-05,1.598240785766045e-05,5.35551381542228e-05,-1.8136220024241285,-17583.655690056858,-15863.664449658736,-16723.660069857797,30330.397863755938,28168.21135141308,1
2008-04-02,1.4997693651413374e-05,5.394131965383052e-05,-1.308833203784101,-16666.447844000406,-14973.874859550182,-15820.161351775294,20705.95246642547,18091.706836239413,1
2008-04-30,1.3635360403766832e-05,5.5118144940503315e-05,-2.0944187744211504,-13103.040504776714,-11313.99409548244,-12208.517300129577,25569.7478412368,23721.36054408088,1
2008-05-28,1.2945792496891757e-05,5.531576260078205e-05,-0.9127998204223927,-11819.088467894362,-9893.690524405632,-10856.389496149997,9909.710382521269,7066.568339926086,1
2008-06-25,1.3178833125891165e-05,5.547363406314998e-05,0.8819924614527487,-12220.193935012296,-10322.971711167029,-11271.582823089662,-9941.451078605372,-7056.225437047185,-1
2008-07-23,1.3498172011598469e-05,5.5501484061264856e-05,0.37689658824225686,-11792.705669117151,-9814.06344284686,-10803.384555982006,-4071.758780618707,-722.7370417111142,-1
2008-08-20,1.3560398652125863e-05,5.549014495900819e-05,-0.12382387910002397,-12156.224140765338,-9963.594915786634,-11059.909528275986,1369.4809002864488,0.0,0
2008-09-17,1.3693382854714854e-05,5.550951456631204e-05,0.2651832106308634,-11413.848355414688,-8651.767477828991,-10032.80791662184,-2660.5322149725234,0.0,0
2008-10-15,1.3159303868872516e-05,5.6238375252395766e-05,-1.8221529507333327,-14172.057230891442,-11611.492465899802,-12891.774848395622,23490.785580193846,22101.762410106243,1
2008-11-12,1.1916662405506568e-05,5.794163133516447e-05,-2.420332109429413,-12903.637588520776,-10719.408478327006,-11811.523033423891,28587.808459060943,27509.19489281289,1
2008-12-10,1.138048316681045e-05,5.793759915319186e-05,-0.45990178148510774,-14347.855909146496,-11821.361051111657,-13084.608480129076,6017.63475004651,2876.711001983843,1
2009-01-07,1.2084253338840654e-05,5.833085926754817e-05,1.1607367501239216,-12782.13989704503,-10288.60962733397,-11535.3747621895,-13389.533412925346,-11114.806032601107,-1
2009-02-04,1.255894202636389e-05,5.8515370734756565e-05,0.7939486996928726,-12515.621848830915,-10076.992599240713,-11296.307224035814,-8968.688431854438,-6214.8682016027515,-1
2009-03-04,1.3878768565756557e-05,5.9991160676676244e-05,2.2046061391374394,-10862.654475125397,-8727.911707015443,-9795.28309107042,-21594.741237163,-20225.98125206597,-1
2009-04-01,1.4232224501007565e-05,6.022475362948743e-05,0.9495163204989725,-9518.573857945175,-7348.275202355668,-8433.424530150422,-8007.674229074204,-5316.147734869553,-1
2009-04-29,1.4082187604548602e-05,6.011699334164783e-05,0.585785930678834,-8925.449277221178,-6742.516303048968,-7833.982790135074,-4589.036899641243,-1506.5091204594737,-1
2009-05-27,1.4609707766091362e-05,6.067321178228856e-05,1.4783489472284708,-7348.804606262242,-5273.1078610853365,-6310.956233673789,-9329.795504056601,-7142.20406193126,-1
2009-06-24,1.5152421581587372e-05,6.0847622467631695e-05,0.7681819775300714,-6949.763672617245,-4911.9957017133265,-5930.879687165286,-4555.99488657956,-1616.789710273507,-1
2009-07-22,1.632743206432068e-05,6.168544081272118e-05,1.663190730808565,-5178.778798767695,-3277.774366032274,-4228.276582399984,-7032.430419142572,-4891.403403894084,-1
2009-08-19,1.679303757045665e-05,6.179508711101626e-05,0.6134769911862854,-4761.310910088008,-2872.8316591799667,-3817.0712846339875,-2341.685406840828,0.0,0
2009-09-16,1.7178048935663966e-05,6.1961133008976e-05,0.7402695977396179,-4156.883108723588,-2287.6096395102145,-3222.246374116901,-2385.3310271854602,0.0,0
2009-10-14,1.730107783692617e-05,6.208855071844787e-05,1.1245331530688467,-3241.532111376412,-1442.5937080795045,-2342.0629097279584,-2633.727388561979,0.0,0
2009-11-11,1.6974573450098137e-05,6.17256952480033e-05,0.8365482537240517,-2733.5556626427688,-977.8988949183516,-1855.7272787805603,-1552.4054144519641,0.0,0
2009-12-09,1.6782944358061618e-05,6.15121818846548e-05,0.9478696258660856,-2151.3725252625686,-453.991412248365,-1302.6819687554669,-1234.7726703467401,0.0,0
2010-01-06,1.5954214084894574e-05,6.0840093161632854e-05,0.11958751880201764,-2179.192592901473,-488.3661366531743,-1333.7793647773235,-159.5033648630513,0.0,0
2010-02-03,1.509775378462378e-05,5.9326851463191194e-05,1.0428128500461082,-1169.69353366832,457.96416524853606,-355.864684209892,-371.1002655716758,0.0,0
2010-03-03,1.402723672514053e-05,5.7197949518248344e-05,1.0606582120173427,-575.8527753105055,969.4663688717638,196.80679678062913,208.7447451862026,0.0,0
2010-03-31,1.33204372831772e-05,5.6141603069569025e-05,0.8580453069200203,-864.3517326631928,624.5969743333375,-119.87737916492772,-102.86022259833805,0.0,0
2010-04-28,1.311612597412045e-05,5.5782663266592056e-05,1.5602380482230238,-484.2966797626714,839.8336883705933,177.768504303961,277.36118419073836,0.0,0
2010-05-26,1.3303028616130605e-05,5.606012986928522e-05,1.6347246155414723,653.5551794529927,1850.9566438444333,1252.255911648713,2047.0935637294783,0.0,0
2010-06-23,1.3617707696877822e-05,5.626620975983673e-05,0.9297115494759365,1240.2379538343903,2409.8213186153803,1825.0296362248853,1696.7511309341428,0.0,0
2010-07-21,1.3938335031599309e-05,5.634289733746304e-05,0.5240512004780213,1440.4142253289824,2597.4848447496875,2018.949535039335,1058.0329275419065,0.0,0
2010-08-18,1.3702272485577842e-05,5.6399754241420344e-05,-0.44974269310560683,1266.3922123137654,2414.1270161732937,1840.2596142435295,-827.6433149233701,0.0,0
2010-09-15,1.3243621597759525e-05,5.6641758902846315e-05,-0.9302740841212573,1100.9052638967582,2196.2465434949604,1648.5759036958593,-1533.6274389150396,0.0,0
2010-10-13,1.2572735957677158e-05,5.680402951385689e-05,-0.8355935173048361,557.4640970725766,1626.5037329948334,1091.983915033705,-912.4546804033189,0.0,0
2010-11-10,1.2103824056474089e-05,5.7075882813437185e-05,-0.9875896180234751,498.78010836434663,1509.0076259679618,1003.8938671661542,-991.4351608107315,0.0,0
2010-12-08,1.121077749571012e-05,5.75767935430352e-05,-1.3362677753575671,773.4220414202327,1690.922562635239,1232.172302027736,-1646.512140887815,0.0,0
2011-01-05,1.0504021003925144e-05,5.797573093895386e-05,-1.1726284961054838,426.07489249221226,1284.172215390605,855.1235539414087,-1002.7422470426906,0.0,0
2011-02-02,1.027936169353447e-05,5.7989012260463034e-05,-0.25417692345980436,281.8134116795024,1148.5728469511841,715.1931293153433,-181.78558928896396,0.0,0
2011-03-02,1.0067948751740494e-05,5.799400059560946e-05,-0.20745699449457775,190.3554117351457,1059.7274074253878,625.0414095802668,-129.66921226617652,0.0,0
2011-03-30,1.0378971403214579e-05,5.801254161258029e-05,0.32976486178707215,132.14784064543818,993.3487909820303,562.7483158137343,185.57462058522373,0.0,0
2011-04-27,1.126166562488904e-05,5.774518346319755e-05,0.47133061808065724,775.3744374750607,1689.0157773410087,1232.1951074080348,580.7712815705909,0.0,0
2011-05-25,1.1540124968209252e-05,5.760450542984416e-05,-0.25674295570125183,518.0967934585188,1451.3052327163973,984.7010130874581,-252.81504858209107,0.0,0
2011-06-22,1.0694619467433385e-05,5.76920962526798e-05,-0.8426041494791308,-52.310390043273685,838.2133522297104,392.9514810932184,-331.102548513116,0.0,0
2011-07-20,9.115732373471113e-06,5.8263643777805134e-05,-1.725186873113356,-68.28273706485442,651.5676609866275,291.6424619608865,-503.13774701738265,0.0,0
2011-08-17,7.669055581693955e-06,5.954719581590061e-05,-2.0959532659967404,-1586.5640940559804,-982.0370525304154,-1284.3005732931979,2691.833981115364,0.0,0
2011-09-14,5.986880612387497e-06,6.027671095114334e-05,-1.8361544305709374,-1803.106768561309,-1275.562105063001,-1539.334436812155,2826.455746283057,0.0,0
2011-10-12,4.3905260779939815e-06,6.035272699900189e-05,-1.3828678213971117,-1668.9065543423098,-1178.3331686437632,-1423.6198614930365,1968.6780963605333,0.0,0
2011-11-09,3.178501733703069e-06,5.973413385527098e-05,-0.5166676809798934,-1655.8973047048062,-1172.0850264201868,-1413.9911655624965,730.5635364372315,0.0,0
2011-12-07,1.933791255300091e-06,6.0105537552468224e-05,-1.340339223572192,-1509.9150712710104,-1059.894727227845,-1284.9048992494277,1722.2084350240834,0.0,0
2012-01-04,3.0021812348688374e-07,6.038978522961908e-05,-1.5379418528153095,-1351.940425360384,-940.8807105049625,-1146.4105679326733,1763.1127929334268,0.0,0
2012-02-01,-4.6338407750573513e-07,6.065754725419617e-05,-0.9821837191290285,-1297.66070121811,-902.3299661557809,-1099.9953336869455,1080.3975078652209,0.0,0
2012-02-29,-1.8023050916669523e-06,6.087758572812683e-05,-1.2731147865226768,-863.5079154559996,-478.27219936970937,-670.8900574128545,854.1200522233527,0.0,0
2012-03-28,-3.4952512731508426e-06,5.994553628657963e-05,-0.8768016489423236,-898.7189714807591,-525.917915663364,-712.3184435720616,624.5619858960131,0.0,0
2012-04-25,-5.0576527775578745e-06,5.921823715985026e-05,-0.8686137790318191,-952.6072799981531,-591.8949721383084,-772.2511260682307,670.7879689757037,0.0,0
2012-05-23,-6.440772656110513e-06,5.9019644551820905e-05,-1.0410482015398164,-861.2327624519618,-517.276303432276,-689.2545329421189,717.547191922559,0.0,0
2012-06-20,-7.3141338826651045e-06,5.8812781774006905e-05,-0.5149690904785104,-910.7398333533447,-570.8411665256983,-740.7904999395215,381.4842099889764,0.0,0
2012-07-18,-8.298159005208855e-06,5.8588514830407115e-05,-0.6220689620490041,-1087.6473114908822,-746.1722809422246,-916.9097962165534,570.3811252249952,0.0,0
2012-08-15,-9.065581439335288e-06,5.860838057195773e-05,-0.6868788910606558,-1073.8929804502786,-741.988043431731,-907.9405119410048,623.6451719910815,0.0,0
2012-09-12,-9.43865501060879e-06,5.860317623629583e-05,-0.30767421537239575,-1142.6631231793222,-808.8788672538024,-975.7709952165623,300.2195753363975,0.0,0
2012-10-10,-1.0293741138163982e-05,5.8859855008446124e-05,-1.030226215053569,-1137.88661523909,-825.8774376329104,-981.8820264360002,1011.5606037242889,0.0,0
2012-11-07,-1.0759842520365755e-05,5.8952976845736686e-05,-0.5969432454823848,-1161.5152642714477,-857.1803358193886,-1009.3478000454181,602.523351579617,0.0,0
2012-12-05,-1.1113348143372617e-05,5.9026946765406376e-05,-0.5095042503263378,-1190.5666529836385,-892.1396835846141,-1041.3531682841262,530.5738653315605,0.0,0
2013-01-02,-1.1848848790017498e-05,5.903572625361053e-05,-0.6409765606940583,-1485.632001021451,-1179.4359355990316,-1332.5339683102413,854.1230400155038,0.0,0
2013-01-30,-1.2813737894068186e-05,5.894393225715334e-05,-0.7323903305434816,-1489.611896216344,-1196.4864699753014,-1343.0491830958226,983.6362351437025,0.0,0
2013-02-27,-1.3564496177499806e-05,5.889583102975846e-05,-0.5802667942289637,-1377.2147392931229,-1089.912049382869,-1233.563394337996,715.7958763107079,0.0,0
2013-03-27,-1.4236113593992386e-05,5.921476704926138e-05,-1.041729548266411,-1691.1189909183004,-1420.7343741716463,-1555.9266825449733,1620.8548001432307,0.0,0
2013-04-24,-1.4795466776153462e-05,5.9299309645492084e-05,-0.6259068600003184,-1786.8125031585032,-1523.414472526414,-1655.1134878424587,1035.9468861196483,0.0,0
2013-05-22,-1.520718427836337e-05,5.9351623890845346e-05,-0.47607676815859906,-1943.7581346877432,-1677.6751723732195,-1810.7166535304814,862.0401324637453,0.0,0
2013-06-19,-1.5914939710439905e-05,5.940416593426434e-05,-0.6751463123729615,-1710.1016716885356,-1446.6740034431655,-1578.3878375658505,1065.642728026917,0.0,0
2013-07-17,-1.6337836907894107e-05,5.934644995986928e-05,-0.22465298006463638,-1817.3654655390774,-1542.069345792885,-1679.7174056659812,377.3535208493024,0.0,0
2013-08-14,-1.6536779741089546e-05,5.938862038812393e-05,-0.3789872187158128,-1783.182358832779,-1512.4584674300474,-1647.8204131314133,624.5028753158159,0.0,0
2013-09-11,-1.6916387853936046e-05,5.937800694845949e-05,-0.29516303450499354,-1820.6382703886761,-1552.5062150246868,-1686.5722427066814,497.8137810691965,0.0,0
2013-10-09,-1.6777645746053572e-05,5.9441648196385166e-05,0.5718330320210905,-1840.8870004129267,-1584.03578261834,-1712.4613915156333,-979.2419897294403,0.0,0
2013-11-06,-1.7011538854989923e-05,5.9453845719649166e-05,-0.25030184526516946,-2015.8866834492349,-1740.376156389828,-1878.1314199195315,470.0997600563516,0.0,0
2013-12-04,-1.71664041870692e-05,5.9516417520028375e-05,-0.5312726551382602,-1610.7790527244913,-1321.3202516354374,-1466.0496521799644,778.8720912781724,0.0,0
2014-01-01,-1.7810277760923356e-05,5.97390533725376e-05,-0.8860418852616041,-1704.0458547385713,-1444.1093456367546,-1574.077600187663,1394.6986844183384,0.0,0
2014-01-29,-1.8419923702421898e-05,5.957095643718883e-05,-0.24340349115452983,-1886.7252820224364,-1606.597536686784,-1746.6614093546102,425.1434849018035,0.0,0
2014-02-26,-1.8423218530126025e-05,5.957085341060211e-05,0.028169529737989293,-1880.9398378612132,-1599.6994091905985,-1740.3196235259059,-49.023985388519336,0.0,0
2014-03-26,-1.8546392689860726e-05,5.9563165940135865e-05,-0.0426284067783388,-1877.969608415638,-1597.5483217975552,-1737.7589651065966,74.07789604726905,0.0,0
2014-04-23,-1.7926216159872348e-05,5.9922821317072756e-05,1.095169592160775,-804.6779314557634,-540.0070934187281,-672.3425124372458,-736.3290751382492,0.0,0
2014-05-21,-1.7125185506490505e-05,6.051872599055777e-05,1.4014244271834813,115.96937814270862,347.2233271314683,231.59635263708844,324.5647858322152,0.0,0
2014-06-18,-1.6426558179381342e-05,6.087163654690334e-05,1.078337553586112,-1.709884082766564,206.13950882521297,102.2148123712232,110.22207071264828,0.0,0
2014-07-16,-1.5237941027126619e-05,6.174735519423946e-05,1.6964669887682773,-60.11474722377551,106.8822825572162,23.383767666720345,39.66978991961807,0.0,0
2014-08-13,-1.374953158157071e-05,6.279135077626124e-05,1.8858210590099218,236.11652838002763,376.43074808514564,306.2736382325866,577.5772767985982,0.0,0
2014-09-10,-1.2441038774136186e-05,6.350161013820216e-05,1.575065737140896,157.4782317904319,283.002790163744,220.24051097708795,346.89328277041466,0.0,0
2014-10-08,-1.0740396334224265e-05,6.470935886563248e-05,2.023849969434327,359.11502068144586,468.6413429714567,413.8781818264513,837.6273456389982,0.0,0
2014-11-05,-9.312046048093544e-06,6.542137402517179e-05,1.5934852741368448,277.5981224658635,378.8752159214132,328.23666919363836,523.0402987917897,0.0,0
2014-12-03,-7.740949286113094e-06,6.637379990578858e-05,1.7913241040301924,-40.19792487665541,65.11456124040639,12.458318181875494,22.316885654871175,0.0,0
2014-12-31,-6.3009038166898e-06,6.686073762025056e-05,1.4212743374026122,-631.7197995499423,-473.1576780560922,-552.4387388030173,-785.1670024477932,0.0,0
2015-01-28,-4.8073720901076165e-06,6.792507416896674e-05,1.8105060801262998,369.5804481165586,599.0431320990159,484.31179010778726,876.8494406670012,0.0,0
2015-02-25,-3.6522321212943722e-06,6.826045594771907e-05,1.1413739573334367,272.70985521197935,494.9465800211928,383.8282176165861,438.0915316772824,0.0,0
2015-03-25,-2.2254579885359357e-06,6.878813424132993e-05,1.4122590486899431,181.07248363296037,391.24390997343994,286.15819680320016,404.12950279211697,0.0,0
2015-04-22,-1.1695637627363688e-06,6.925877917874525e-05,1.209766284651635,492.7430249158458,709.5750961046397,601.1590605102427,727.2619631181439,0.0,0
2015-05-20,-4.648719922898467e-07,6.959924018188688e-05,0.9885400362631592,652.9294697147859,868.6029948701062,760.766232292446,752.0478788581617,0.0,0
2015-06-17,4.265272312892265e-07,6.984988805167904e-05,0.9223913772944472,607.2211656188277,816.9764964028208,712.0988310108243,656.83382150584,0.0,0
2015-07-15,1.1178156455155174e-06,6.997076003650604e-05,0.671910156005604,726.2939583901391,938.6786877792154,832.4863230846772,559.3560152163572,0.0,0
2015-08-12,1.5525545060411305e-06,7.004121270394181e-05,0.4738364287302881,532.2233504396951,767.9883168783662,650.1058336590306,308.0438265177218,0.0,0
2015-09-09,2.4467458688536404e-06,7.01718407472157e-05,0.7880337158171669,623.3773152782406,854.3950385436586,738.8861769109496,582.2672195570761,0.0,0
2015-10-07,4.279200152302028e-06,6.920721491927005e-05,0.8122448230541216,1612.0646650167012,2017.844383242965,1814.954524129833,1474.1874163031137,0.0,0
2015-11-04,5.1971741029614445e-06,6.894877548747044e-05,0.39305488081973433,1244.0086506209336,1700.1246029508566,1472.066626785895,578.6029725500383,0.0,0
2015-12-02,7.178114658803602e-06,6.790326933005072e-05,0.9466037097473896,410.7738448701694,890.703413608424,650.7386292392966,615.9916005138493,0.0,0
2015-12-30,8.767196276314631e-06,6.771213668988297e-05,1.0658762696952664,-335.3631954578444,144.19310562143946,-95.58504491820247,-101.88183111606813,0.0,0
2016-01-27,9.81581564336976e-06,6.753338200396066e-05,0.6151159914716715,853.5063562901355,1526.5319318694778,1190.0191440798067,731.9998056809202,0.0,0
2016-02-24,1.1409980115644552e-05,6.67874882349572e-05,0.7395049610451409,393.2120895826389,1058.538478086236,725.8752838344374,536.7883734956162,0.0,0
2016-03-23,1.1777646493585343e-05,6.661832421654632e-05,-0.17746020714700433,473.1734391656622,1142.9371172505407,808.0552782081015,-143.3976570570399,0.0,0
2016-04-20,1.1010384805323681e-05,6.648347625721617e-05,-0.40859651688394827,-381.27672464066535,390.75745403403295,4.740364696683779,-1.936896503824626,0.0,0
2016-05-18,1.057430646790908e-05,6.647430681199674e-05,-0.3104628822365217,-241.06797467957995,528.2421637511785,143.58709453579928,-44.578463221552155,0.0,0
2016-06-15,1.0511359405645627e-05,6.648106162070423e-05,-0.15406742695349845,-685.3671140987869,206.31000689362423,-239.52855360258133,36.90354793544284,0.0,0
2016-07-13,9.972426681122919e-06,6.655726909458068e-05,-0.5488505001994362,-1099.809628499641,-224.46755965365617,-662.1385940766485,363.4150985603199,0.0,0
2016-08-10,1.072012115139494e-05,6.58555129065604e-05,-0.36095539577840935,-1044.566129957811,-182.3619205884376,-613.4640252731243,221.4331500382767,0.0,0
2016-09-07,1.1741405084463838e-05,6.447110372279809e-05,-0.5567109949516418,-1130.1342382293394,-297.45653851957906,-713.7953883744592,397.37774085383876,0.0,0
2016-10-05,1.1847231608878386e-05,6.443518395332814e-05,-0.2532474808968776,-963.2387979002095,-132.4682455473902,-547.8535217237999,138.74252427703513,0.0,0
2016-11-02,1.089429518254889e-05,6.413847173661703e-05,-0.44127626594209785,-1513.5784832993313,-684.0206103649235,-1098.7995468321274,484.8741610449504,0.0,0
2016-11-30,1.0439171354434991e-05,6.395806587959496e-05,0.033699310346179685,-1637.4474253555993,-733.064519169169,-1185.2559722623841,-39.942308848933024,0.0,0
2016-12-28,9.462692608963368e-06,6.261197151297101e-05,0.592093239434065,-1902.3260663276815,-1042.557798987853,-1472.4419326577672,-871.8229137858928,0.0,0
2017-01-25,8.968183372705402e-06,6.231630408868944e-05,0.19270214552722845,-1196.0340525841257,-187.77263203106895,-691.9033423075973,-133.3312585601344,0.0,0
2017-02-22,8.859164222872588e-06,6.22547473038813e-05,0.4709481648020675,-517.845630888808,467.816342360303,-25.01464426425251,-11.780600809426284,0.0,0
2017-03-22,8.321245614748255e-06,6.165603050053787e-05,0.6668762577185209,-2989.1900659402536,-1970.2789097728564,-2479.734487856555,-1653.6760553973324,0.0,0
2017-04-19,8.046206927755496e-06,6.147699426111893e-05,0.41957671883240577,-2826.037182591785,-1838.383906339332,-2332.2105444655585,-978.5412478731977,0.0,0
2017-05-17,6.965896229633304e-06,6.046924343591586e-05,0.029180090762207424,-2853.999365490406,-1862.9312600037024,-2358.465312747054,-68.82023188547696,0.0,0
2017-06-14,6.398100975837716e-06,6.028819876043296e-05,-0.15940624167192213,-2382.3997616598494,-1336.34299232479,-1859.3713769923197,296.39540307869237,0.0,0
2017-07-12,5.781077287406165e-06,6.0024177193761074e-05,-0.09448695223937657,-2471.278986364199,-1424.9768047673738,-1948.1278955657865,184.07266742452165,0.0,0
2017-08-09,4.952085917229534e-06,5.9471021023674596e-05,-0.04014550428650218,-2526.9342818170835,-1475.0368697305594,-2000.9855757738214,80.33057500945698,0.0,0
2017-09-06,4.3819348964128675e-06,5.9132482508544156e-05,0.102714392197686,-2534.0713761882876,-1487.817381999077,-2010.9443790936823,-206.55292964196062,0.0,0
2017-10-04,3.485152706148943e-06,5.874187955940475e-05,-0.3382333536961563,-1354.3051300153484,-298.22771461571404,-826.2664223155311,279.4708630663067,0.0,0
2017-11-01,3.180958875451527e-06,5.87189531273445e-05,-0.18697199374451237,-476.5382500656679,650.4878745590387,86.9748122466854,-16.2618540513174,0.0,0
2017-11-29,2.257900292404902e-06,5.8286031203370295e-05,-0.3336188537541038,1428.8003309392461,2614.5473171955114,2021.6738240673787,-674.4685038500345,0.0,0
2017-12-27,1.1880568288356054e-06,5.7943769240153716e-05,-0.6146886712367645,3415.5834749091086,4489.441112454622,3952.5122936818657,-2429.5645298502823,0.0,0
2018-01-24,2.3926747553882915e-07,5.7738510057833374e-05,-0.6152445769078706,1821.0347905733793,2806.9118957638098,2313.9733431685945,-1423.6595504938527,0.0,0
2018-02-21,-7.178099560595496e-07,5.686851886881782e-05,0.0570838072006675,1124.8810844232999,2435.110451873295,1779.9957681482974,101.60893524698146,0.0,0
2018-03-21,-1.5043521986600028e-06,5.5939851055711724e-05,0.46877039932052506,1813.4373013203942,3040.074499939282,2426.755900629838,1137.5913325916895,0.0,0
2018-04-18,-1.8931311574768298e-06,5.5603341822983624e-05,0.5065654183819479,-53.9036931750619,1125.3690239022867,535.7326653636125,271.38364177079444,0.0,0
2018-05-16,-1.935405060812133e-06,5.557014497852486e-05,0.7393963963238999,-2568.5226631027335,-1506.5988476966136,-2037.5607553996736,-1506.5650798335218,0.0,0
2018-06-13,-1.4281085684671472e-06,5.571645457271786e-05,0.7450087452357061,-455.415013771113,515.6612204690987,30.123103348992835,22.44197542863865,0.0,0
2018-07-11,-9.66247256568769e-07,5.5593284530146956e-05,0.15518713014558502,-60.76519525224353,941.8015399046986,440.51817232622756,68.36275094028552,0.0,0
2018-08-08,-4.68969365286906e-07,5.551361020318692e-05,0.29360316065711384,-244.16598697712664,737.1688623423623,246.50143768261785,72.37360121013919,0.0,0
2018-09-05,2.029110158225682e-07,5.539290337527965e-05,0.43444486822986184,122.17805509926814,1057.5788907319784,589.8784729156233,256.2696754374601,0.0,0
2018-10-03,8.823863892244823e-07,5.4999844417001505e-05,0.04903405458859147,-47.90423884983153,928.2237183827463,440.15973976645734,21.582816707408682,0.0,0
2018-10-31,1.5935190220437595e-06,5.47059106621317e-05,0.2460801069747052,-93.27927765917298,863.0478980070405,384.8843101739338,94.71237222048724,0.0,0
2018-11-28,1.6614110070182975e-06,5.4702620488699964e-05,0.014687859848462778,-63.07467715302715,946.1770541400278,441.5511884935004,6.485441972514704,0.0,0
2018-12-26,1.594558970471268e-06,5.471126012887376e-05,-0.18966441248779367,-1709.784732784651,-517.7273155701712,-1113.756024177411,211.2398819803496,0.0,0
2019-01-23,8.942957756273762e-07,5.480745316964509e-05,-0.7811286604977941,-3127.477784550824,-2145.893410644768,-2636.685597597796,2059.590689005392,0.0,0
2019-02-20,2.3278082705931383e-07,5.4756503340029625e-05,-0.5337916988913223,-4565.300993433358,-3630.0042574411013,-4097.652625437229,2187.292956398626,0.0,0
2019-03-20,-2.3545344513395243e-08,5.4834106277270374e-05,-0.5356365256496484,-5879.0925050175165,-4986.903072493577,-5432.997788755547,2910.1120594312433,0.0,0
2019-04-17,-6.740410010413879e-08,5.486649474248652e-05,-0.7713846017686687,-5276.839110689484,-4503.930811780249,-4890.384961234867,3772.3676558176444,348.5789448722835,1
2019-05-15,5.519389593725015e-07,5.4177537149120966e-05,-0.5311959431690979,-7188.3179170697595,-6380.741686098308,-6784.5298015840335,3603.9147069112832,96.51182463293571,1
2019-06-12,1.4410881340262534e-06,5.295737344288698e-05,-0.526592511598205,-11451.795125281811,-10359.638012225923,-10905.716568753867,5742.868678718257,2308.5360662059684,1
2019-07-10,2.1705265223343134e-06,5.198451438574258e-05,-0.6243836373051196,-10984.058815735863,-9979.26702981311,-10481.662922774487,6544.578820728145,3136.373104618262,1
2019-08-07,2.7937346477621887e-06,5.13784402832989e-05,-0.35609924660473796,-12226.88379107144,-11188.794359813506,-11707.839075442473,4169.152674134576,632.0906151999616,1
2019-09-04,2.7212359034451838e-06,5.1427067024765906e-05,-0.735027383269174,-10131.21443706885,-9165.029932665164,-9648.122184867007,7091.634003004062,3724.826545893334,1
2019-10-02,3.239382578236605e-06,5.086247547131138e-05,-0.5704881597051359,-8579.841080960377,-7632.048618148408,-8105.944849554393,4624.34555989361,1172.8042577153492,1
2019-10-30,3.787196232249538e-06,5.0115711316737754e-05,-0.8078497246247969,-8458.282146197807,-7619.4491465141045,-8038.865646355956,6494.195398704399,3111.1274114804737,1
2019-11-27,4.346495532647011e-06,4.9713051997920926e-05,-0.14761126163182525,-8317.726027738834,-7477.080840378602,-7897.403434058718,1165.7456845169165,0.0,0
2019-12-25,5.010210584995842e-06,4.903241224124193e-05,-0.3389132644260309,-8600.104371527108,-7775.2293104823375,-8187.666841004723,2774.908897117679,0.0,0
2020-01-22,5.6518600625459934e-06,4.8652139720734685e-05,0.07688850548168942,-8648.158341587256,-7823.572824239008,-8235.865582913131,-633.2433960182735,0.0,0
2020-02-19,5.979191044669947e-06,4.834119624756617e-05,-0.6016992269625313,-8955.161197819338,-8194.949683570665,-8575.055440695001,5159.60422982703,1666.4200789284914,1
2020-03-18,6.497005759868853e-06,4.7822269209911325e-05,-0.45089814093167824,-32536.021169144824,-27763.771793320167,-30149.896481232496,13594.53227267028,10948.537967356868,1
2020-04-15,7.298839754591384e-06,4.776118197440168e-05,0.772328647677532,-24724.796567036858,-20418.287448840005,-22571.54200793843,-17432.648514987693,-15373.775205597398,-1
2020-05-13,7.680239519708145e-06,4.7496068369816685e-05,-0.28469133458095536,-24404.073203809534,-20176.231000811877,-22290.152102310705,6345.813150019322,3225.7346784796064,1
2020-06-10,8.074151137697332e-06,4.718422203905456e-05,-0.3649017881869842,-22684.87851773753,-18562.701368003265,-20623.789942870397,7525.657829346149,4555.8592448026675,1
2020-07-08,8.316490788471681e-06,4.706318471704762e-05,-0.23515594521423291,-22429.743816808645,-18368.53504502208,-20399.139430915362,4796.978914433831,1552.5941170304723,1
2020-08-05,8.892815577989101e-06,4.643890294775184e-05,-0.4530768922987248,-20993.094163775448,-17133.02634983748,-19063.060256806464,8637.032098857204,5789.5923723336155,1
2020-09-02,9.170920575726179e-06,4.619148934305997e-05,-0.5792329937088733,-17839.835677317227,-14259.97782089596,-16049.906749106594,9296.635535033263,6611.527935522562,1
2020-09-30,9.371593765649858e-06,4.6014669254597925e-05,-0.6539383480315109,-15164.207231393113,-11905.744257843406,-13534.97574461826,8851.039679082232,6194.5631349804435,1
2020-10-28,9.655223875255014e-06,4.5735332486550324e-05,-0.6650070438780756,-12815.962169002429,-9838.41108854755,-11327.186628774989,7532.658895456921,4800.811625337295,1
2020-11-25,9.932250911463065e-06,4.541828853917277e-05,-0.8291637213317401,-10459.479011923097,-7839.065416303184,-9149.27221411314,7586.24459653114,4950.727049593127,1
2020-12-23,1.0097628888551736e-05,4.523656026616134e-05,-0.9056583044122886,-8688.293245301193,-6393.951657084349,-7541.12245119277,6829.680172512686,4146.731437651958,1
2021-01-20,1.0554768681235887e-05,4.458965640860749e-05,-0.8936690515220066,-6850.991645505777,-4796.968329173311,-5823.979987339544,5204.710671368878,2400.625714700079,1
2021-02-17,1.0638721523353489e-05,4.447880514575199e-05,-1.2137655885089438,-5686.508478139937,-3965.7333217360087,-4826.120899937973,5857.779474328528,3180.1948184063585,1
2021-03-17,1.0568551576421936e-05,4.457055258224748e-05,-1.3728571037078328,-4217.476164411145,-2773.936198409743,-3495.706181410444,4799.10506362471,2068.098620906044,1
2021-04-14,1.0531311691560643e-05,4.462829062954061e-05,-1.5763817577497645,-3321.3590663784735,-2119.71326773687,-2720.5361670576717,4288.603585048179,1513.836352051554,1
2021-05-12,1.043454819703568e-05,4.4726909964931875e-05,-1.1173277658885898,-3037.2823286259872,-1929.4114869914638,-2483.3469078087255,2774.7124524282613,0.0,0
2021-06-09,1.0456440898490177e-05,4.470299163330952e-05,-1.0573720332458647,-2723.041735350389,-1690.1699553003552,-2206.6058453253722,2333.2033092438987,0.0,0
2021-07-07,1.0430437423412121e-05,4.4730130918540535e-05,-1.0624912441151926,-2146.744125644061,-1179.5272468851913,-1663.1356862646262,1767.0671044316773,0.0,0
2021-08-04,1.0338932732773708e-05,4.472566485807814e-05,-0.05498764557842979,-2154.12069606482,-1188.5666026468743,-1671.3436493558472,91.90325223053877,0.0,0
2021-09-01,1.0739469929893203e-05,4.4526207179033254e-05,-0.03992304943661676,-2153.20454170311,-1189.611344056405,-1671.4079428797575,66.72770193234247,0.0,0
2021-09-29,1.1575559134660538e-05,4.41968693890254e-05,0.5638338359445815,-2168.9812098545435,-1230.7495086419353,-1699.8653592482394,-958.4416060942489,0.0,0
2021-10-27,1.2525202276897663e-05,4.3444877068458556e-05,0.3129670956369242,-2245.753974739522,-1316.1613380734655,-1780.9576564064937,-557.3811451778835,0.0,0
2021-11-24,1.3595796265359917e-05,4.3658874528028046e-05,1.4357925797399917,-3425.9890179955573,-2628.179843304656,-3027.0844306501067,-4346.265363773881,-1197.1161191844621,-1
2021-12-22,1.481363793756903e-05,4.452802309869701e-05,2.0809609449518445,-2447.407140903826,-1825.3535504742458,-2136.380345689036,-4445.724062941605,-1371.0651854928574,-1
2022-01-19,1.6107107284122304e-05,4.538291488163737e-05,2.0875981799503722,-5029.0583790680275,-4455.876520762423,-4742.467449915225,-9900.366416916908,-6776.759627882323,-1
2022-02-16,1.6633148021256203e-05,4.605866993441131e-05,1.8394461435842058,-8448.123559418067,-7791.1219080009405,-8119.622733709503,-14935.608724880592,-11817.974810770178,-1
2022-03-16,1.6617664274686503e-05,4.6041599228582236e-05,1.0749024752203162,-8489.541541784807,-7858.845359060613,-8174.19345042271,-8786.460772789069,-5403.535725625928,-1
2022-04-13,1.6911154653207258e-05,4.634584582742741e-05,1.342913831911701,-9555.789291335632,-8934.822485098002,-9245.305888216817,-12415.649157541058,-9110.70812304407,-1
2022-05-11,1.654409271819534e-05,4.5911358489477295e-05,0.7738825376378842,-9200.166918659217,-8583.839813626773,-8892.003366142995,-6881.366129675349,-3397.9550305798484,-1
2022-06-08,1.5858105474739104e-05,4.5097194546560345e-05,0.4176516060053383,-9410.154906618862,-8788.711924046404,-9099.433415332633,-3800.3929796523144,-208.27281838412136,-1
2022-07-06,1.5265789624046654e-05,4.4539189128921334e-05,0.26709433749937195,-10286.870367057081,-9418.38527861779,-9852.627822837436,-2631.5811009686445,0.0,0
2022-08-03,1.4093888673914752e-05,4.3305772576915155e-05,-0.30956953684308663,-9746.175644135255,-8802.602930685007,-9274.389287410131,2871.0683962060384,0.0,0
2022-08-31,1.3055424302046183e-05,4.2612462627655834e-05,-0.5642208564172495,-8141.127162289024,-7050.775252521268,-7595.951207405146,4285.7940955457725,871.5002485841851,1
2022-09-28,1.213358934702482e-05,4.147099715020068e-05,0.12045245943586075,-8729.762605604594,-7417.325829930882,-8073.544217767738,-972.4782573942965,0.0,0
2022-10-26,1.2005114897360983e-05,4.1251083041829776e-05,1.5421907326699713,-12795.152401319436,-11559.843514732118,-12177.497958025777,-18780.024497974853,-16010.671965290501,-1
2022-11-23,1.1290664100391856e-05,4.000641921089588e-05,0.8500321439748341,-12779.111100544938,-11593.005427063432,-12186.058263804185,-10358.541232583715,-7140.761715764555,-1
