date,mean,std,low_thresh,high_thresh,fwd_slope,signal
1990-01-03,,,,,,0
1990-01-31,,,,,,0
1990-02-28,,,,,,0
1990-03-28,,,,,,0
1990-04-25,,,,,,0
1990-05-23,,,,,,0
1990-06-20,,,,,,0
1990-07-18,,,,,,0
1990-08-15,,,,,,0
1990-09-12,,,,,,0
1990-10-10,,,,,,0
1990-11-07,,,,,,0
1990-12-05,,,,,,0
1991-01-02,,,,,,0
1991-01-30,,,,,,0
1991-02-27,,,,,,0
1991-03-27,,,,,,0
1991-04-24,,,,,,0
1991-05-22,,,,,,0
1991-06-19,,,,,,0
1991-07-17,,,,,,0
1991-08-14,,,,,,0
1991-09-11,,,,,,0
1991-10-09,,,,,,0
1991-11-06,,,,,,0
1991-12-04,,,,,,0
1992-01-01,,,,,,0
1992-01-29,,,,,,0
1992-02-26,,,,,,0
1992-03-25,,,,,,0
1992-04-22,,,,,,0
1992-05-20,,,,,,0
1992-06-17,,,,,,0
1992-07-15,,,,,,0
1992-08-12,,,,,,0
1992-09-09,,,,,,0
1992-10-07,,,,,,0
1992-11-04,,,,,,0
1992-12-02,,,,,,0
1992-12-30,,,,,,0
1993-01-27,,,,,,0
1993-02-24,,,,,,0
1993-03-24,,,,,,0
1993-04-21,,,,,,0
1993-05-19,,,,,,0
1993-06-16,,,,,,0
1993-07-14,,,,,,0
1993-08-11,,,,,,0
1993-09-08,,,,,,0
1993-10-06,,,,,,0
1993-11-03,,,,,-0.023173193912354,0
1993-12-01,,,,,-0.019629514903417307,0
1993-12-29,,,,,-0.019649921793933503,0
1994-01-26,,,,,-0.01888123200736299,0
1994-02-23,,,,,-0.0195347163895842,0
1994-03-23,,,,,-0.016081804373666395,0
1994-04-20,,,,,-0.013703821583408209,0
1994-05-18,,,,,-0.009611120497494699,0
1994-06-15,,,,,-0.009698241443556105,0
1994-07-13,,,,,-0.00971711980525801,0
1994-08-10,,,,,-0.008214284206585099,0
1994-09-07,,,,,-0.007993155549134504,0
1994-10-05,,,,,-0.009612729860799696,0
1994-11-02,,,,,-0.007342652294098806,0
1994-11-30,,,,,-0.0042604569105419016,0
1994-12-28,,,,,-0.0009603463362065079,0
1995-01-25,,,,,0.003412276926325994,0
1995-02-22,,,,,0.0020630053320210007,0
1995-03-22,,,,,-0.004049875663557204,0
1995-04-19,,,,,-0.006691338552470602,0
1995-05-17,,,,,-0.0090247420367639,0
1995-06-14,,,,,-0.010000953470214104,0
1995-07-12,,,,,-0.013530188114410702,0
1995-08-09,,,,,-0.012591807185785502,0
1995-09-06,,,,,-0.011393641947962892,0
1995-10-04,,,,,-0.011555136447763105,0
1995-11-01,,,,,-0.010534420557204195,0
1995-11-29,,,,,-0.012255849747697105,0
1995-12-27,,,,,-0.014266669450897197,0
1996-01-24,,,,,-0.013671906410950903,0
1996-02-21,,,,,-0.015242366037599,0
1996-03-20,,,,,-0.017299722312126807,0
1996-04-17,,,,,-0.0100514087101565,0
1996-05-15,,,,,-0.008316983607020198,0
1996-06-12,,,,,-0.007347261628745702,0
1996-07-10,,,,,-0.004635350786033193,0
1996-08-07,,,,,-0.004439896178834696,0
1996-09-04,,,,,-0.006952006633702504,0
1996-10-02,,,,,-0.005428109481687107,0
1996-10-30,,,,,-0.007514772731254699,0
1996-11-27,,,,,-0.008679712021743204,0
1996-12-25,,,,,-0.009204167513210793,0
1997-01-22,,,,,-0.006439629472348309,0
1997-02-19,,,,,-0.006272490685822307,0
1997-03-19,,,,,-0.006797421356726299,0
1997-04-16,,,,,-0.0051016569054748995,0
1997-05-14,,,,,-0.002464352276723411,0
1997-06-11,,,,,-0.003963458325984298,0
1997-07-09,,,,,-0.003574848733086,0
1997-08-06,,,,,-0.0048341405202509125,0
1997-09-03,,,,,-0.0035573755317841044,0
1997-10-01,-0.009129741879034018,0.0055771793818546475,-0.011918331569961341,-0.006341152188106694,-0.004473887064721599,-1
1997-10-29,-0.00878267488133014,0.00523731233030228,-0.01140133104648128,-0.006164018716179,-0.005125710031752398,-1
1997-11-26,-0.00850302162927919,0.0050309528085152435,-0.011018498033536812,-0.0059875452250215695,-0.0050875457967679005,-1
1997-12-24,-0.0081916257213536,0.004824362323686698,-0.010603806883196948,-0.0057794445595102505,-0.0034573345818028,-1
1998-01-21,-0.007911533402257176,0.004609597879047476,-0.010216332341780914,-0.005606734462733437,-0.004316431414348995,-1
1998-02-18,-0.007686193065037797,0.004306716376347566,-0.00983955125321158,-0.005532834876864014,-0.007817018854176495,0
1998-03-18,-0.00754500069366343,0.004143327423297825,-0.009616664405312343,-0.005473336982014517,-0.0087398010621993,0
1998-04-15,-0.007408585816943047,0.004052354164157985,-0.00943476289902204,-0.005382408734864054,-0.006610247993948291,0
1998-05-13,-0.007333445667895728,0.00404693473371547,-0.009356913034753464,-0.005309978301037993,-0.0057038327470341,0
1998-06-10,-0.007271313515172744,0.004034699506565571,-0.00928866326845553,-0.005253963761889958,-0.006467369501960904,0
1998-07-08,-0.0071696188978846625,0.004038485960600364,-0.009188861878184844,-0.005150375917584481,-0.004428999706277803,-1
1998-08-05,-0.007110268836874243,0.004045503910656511,-0.009133020792202498,-0.0050875168815459875,-0.005128081034043296,0
1998-09-02,-0.007072285366181282,0.004046324168474442,-0.009095447450418502,-0.005049123281944061,-0.0060180150731004994,0
1998-09-30,-0.007075499990350453,0.00404844785575722,-0.009099723918229063,-0.005051276062471844,-0.009779890317596601,1
1998-10-28,-0.0073160580269546836,0.004419290250225156,-0.009525703152067262,-0.005106412901842106,-0.019851670197518802,1
1998-11-25,-0.007687980049328509,0.004940204515580773,-0.010158082307118895,-0.0052178777915381225,-0.0236004020739808,1
1998-12-23,-0.0079498469761996,0.00493749997861533,-0.010418596965507265,-0.005481096986891936,-0.014577426533503204,1
1999-01-20,-0.008316945682582328,0.004783397385486046,-0.01070864437532535,-0.0059252469898393055,-0.0156768558055759,1
1999-02-17,-0.008637845256700312,0.004630680549087776,-0.0109531855312442,-0.0063225049821564235,-0.0146237725221142,1
1999-03-17,-0.008792907371302356,0.004608987358198471,-0.011097401050401592,-0.0064884136922031205,-0.012113105622863496,1
1999-04-14,-0.008867513755029704,0.004605700030735931,-0.01117036377039767,-0.006564663739661738,-0.010570870506292691,0
1999-05-12,-0.008896478061852908,0.004611440533465802,-0.011202198328585808,-0.006590757795120006,-0.010530885991570496,0
1999-06-09,-0.008873109512034932,0.004608812026362159,-0.011177515525216012,-0.006568703498853853,-0.008785788879679408,0
1999-07-07,-0.008686401487523926,0.004613104801564631,-0.01099295388830624,-0.00637984908674161,-0.0038213708398383006,-1
1999-08-04,-0.008486149791901569,0.004665959393967178,-0.010819129488885158,-0.006153170094917979,-0.0021787190134228973,-1
1999-09-01,-0.008341037259886745,0.00469103421229467,-0.010686554366034079,-0.00599552015373941,-0.0038477902831920985,-1
1999-09-29,-0.00823032421498315,0.004681617842340547,-0.010571133136153424,-0.0058895152938128765,-0.0057980581127762,-1
1999-10-27,-0.008183815215542086,0.004670278505146909,-0.01051895446811554,-0.005848675962968632,-0.008115952586268904,0
1999-11-24,-0.00807231201986915,0.00464027154009646,-0.01039244778991738,-0.0057521762498209195,-0.00645768357270439,0
1999-12-22,-0.007899038240380803,0.0045721578370995055,-0.010185117158930555,-0.00561295932183105,-0.005256432917503107,-1
2000-01-19,-0.007755211342772758,0.00450412705055285,-0.010007274868049183,-0.005503147817496333,-0.006192907735332598,0
2000-02-16,-0.0074820607377566,0.004471744979095584,-0.009717933227304392,-0.005246188248208808,-0.0010385345767588011,-1
2000-03-15,-0.007020578799885582,0.004672439707212809,-0.009356798653491986,-0.004684358946279178,0.006697338457166191,-1
2000-04-12,-0.006737948742296585,0.0049232753554539705,-0.00919958642002357,-0.004276311064569599,0.004645354284471312,-1
2000-05-10,-0.0065153291654144845,0.005108708209859346,-0.009069683270344157,-0.003960975060484812,0.003259234390848992,-1
2000-06-07,-0.00618661516225648,0.005582113419543944,-0.008977671872028452,-0.003395558452484508,0.009745866535470507,-1
2000-07-05,-0.005987573939384505,0.005818052512287129,-0.008896600195528069,-0.00307854768324094,0.005714792803309596,-1
2000-08-02,-0.005867265418218577,0.0059145659087845165,-0.008824548372610836,-0.0029099824638263187,0.0018161469217934934,-1
2000-08-30,-0.005706030306501811,0.005998105198527149,-0.008705082905765386,-0.0027069777072382365,0.0014322191755693978,-1
2000-09-27,-0.005623680055385753,0.0060312999026914576,-0.008639330006731482,-0.0026080301040400243,-0.0011458964236521,-1
2000-10-25,-0.005613323008315936,0.006028450557048676,-0.008627548286840274,-0.0025990977297915985,-0.006976206283624296,0
2000-11-22,-0.005592437436114156,0.006019493401402684,-0.008602184136815499,-0.0025826907354128134,-0.007593662267250605,0
2000-12-20,-0.005574433648567263,0.0060098715681464335,-0.00857936943264048,-0.0025694978644940467,-0.0082679705607724,0
2001-01-17,-0.005704169841700812,0.006101040033644,-0.008754689858522811,-0.0026536498248788116,-0.013185911515292803,1
2001-02-14,-0.005874468444014892,0.006239241730288856,-0.00899408930915932,-0.0027548475788704637,-0.015128018006154396,1
2001-03-14,-0.006021129579805384,0.00635001273354019,-0.009196135946575479,-0.0028461232130352894,-0.014423800417831999,1
2001-04-11,-0.006267580939850708,0.006558883658141639,-0.009547022768921528,-0.002988139110779888,-0.0179171276278317,1
2001-05-09,-0.006587515523269012,0.006772022756114208,-0.009973526901326116,-0.003201504145211908,-0.019100950614475205,1
2001-06-06,-0.006839260603603908,0.0069143857317184474,-0.010296453469463132,-0.0033820677377446842,-0.017054202503398896,1
2001-07-04,-0.007058691189664495,0.00698940658691,-0.010553394483119495,-0.003563987896209495,-0.014985239208236502,1
2001-08-01,-0.007219660933492502,0.007033418557843998,-0.010736370212414501,-0.003702951654570503,-0.013204567199307307,1
2001-08-29,-0.007529868365879071,0.007221923460752731,-0.011140830096255437,-0.003918906635502706,-0.019688162015885698,1
2001-09-26,-0.007860125795812599,0.007467912493402468,-0.011594082042513833,-0.004126169549111365,-0.021647273421264997,1
2001-10-24,-0.008365974981426404,0.008139717841893927,-0.012435833902373367,-0.00429611606047944,-0.0314298676836703,1
2001-11-21,-0.00879819423785317,0.008548668826961859,-0.0130725286513341,-0.0045238598243722405,-0.0275629471309597,1
2001-12-19,-0.009099202732301396,0.008632086857253118,-0.013415246160927954,-0.0047831593036748365,-0.0191097762931106,1
2002-01-16,-0.009366786499386003,0.008696344486240327,-0.013714958742506167,-0.0050186142562658395,-0.018230787302748498,1
2002-02-13,-0.009618673891933337,0.008839096248888102,-0.014038222016377389,-0.005199125767489286,-0.020915163266637997,1
2002-03-13,-0.009836031940473135,0.00895526582858972,-0.014313664854767996,-0.0053583990261782755,-0.0200424195862687,1
2002-04-10,-0.009999828854062401,0.0089729843935707,-0.014486321050847751,-0.005513336657277051,-0.015127687500590098,1
2002-05-08,-0.010166911937343818,0.008972312698862598,-0.014653068286775116,-0.005680755587912519,-0.014392153077667905,0
2002-06-05,-0.010338474864785107,0.008985469142967063,-0.014831209436268637,-0.005845740293301575,-0.015388641728907797,1
2002-07-03,-0.010637217632066041,0.009043199347931425,-0.015158817306031754,-0.0061156179581003285,-0.019963623604886405,1
2002-07-31,-0.010995304772491813,0.00918827309831704,-0.015589441321650334,-0.0064011682233332924,-0.0237486123361835,1
2002-08-28,-0.01155512132386164,0.009748788260242067,-0.016429515453982673,-0.006680727193740607,-0.03512847574433149,1
2002-09-25,-0.012013869910865374,0.010213793628819218,-0.01712076672527498,-0.0069069730964557655,-0.0336348168417907,1
2002-10-23,-0.01233687331760911,0.010719578115332862,-0.01769666237527554,-0.00697708425994268,-0.03664784734819321,1
2002-11-20,-0.012583281360431433,0.01112323349158615,-0.018144898106224508,-0.007021664614638358,-0.036413620300741495,1
2002-12-18,-0.012953157688446931,0.0115041064137152,-0.018705210895304532,-0.007201104481589332,-0.0338109955903092,1
2003-01-15,-0.013380026257896221,0.012007941268171533,-0.01938399689198199,-0.007376055623810455,-0.037874021416938894,1
2003-02-12,-0.013837873520532411,0.012500093214873793,-0.020087920127969307,-0.007587826913095515,-0.038431830179196096,1
2003-03-12,-0.014355872605039528,0.012976256635775193,-0.020844000922927125,-0.00786774428715193,-0.0390490580172335,1
2003-04-09,-0.014904100704615774,0.01340822820229024,-0.021608214805760893,-0.008199986603470655,-0.039078731684257496,1
2003-05-07,-0.01547473951429602,0.013842844994426432,-0.022396162011509235,-0.008553317017082805,-0.040204104094943405,1
2003-06-04,-0.016076637326913796,0.014221566507643956,-0.023187420580735772,-0.008965854073091818,-0.040084475135803696,1
2003-07-02,-0.01680428814545384,0.014546507265880092,-0.024077541778393885,-0.009531034512513794,-0.041659213403920606,1
2003-07-30,-0.01754597378864043,0.014767714925024591,-0.024929831251152727,-0.010162116326128134,-0.0407463724591256,1
2003-08-27,-0.01822951508112606,0.014942809678788844,-0.025700919920520482,-0.010758110241731636,-0.039391937492444705,1
2003-09-24,-0.01874522322730011,0.014968092607955868,-0.026229269531278045,-0.011261176923322177,-0.032614881713827,1
2003-10-22,-0.019320807281753834,0.015125978978104346,-0.026883796770806007,-0.011757817792701662,-0.0380463234178624,1
2003-11-19,-0.019884302469986546,0.015183075151040264,-0.027475840045506676,-0.012292764894466414,-0.03575943336080539,1
2003-12-17,-0.020412028436403603,0.015141524238783028,-0.02798279055579512,-0.012841266317012089,-0.03269818317119,1
2004-01-14,-0.020921325792583254,0.015099211964429015,-0.028470931774797762,-0.013371719810368745,-0.03267637025667461,1
2004-02-11,-0.02158329512693578,0.014964392191163892,-0.029065491222517725,-0.014101099031353835,-0.0354609399630902,1
2004-03-10,-0.02235469879937037,0.014504800998941919,-0.02960709929884133,-0.015102298299899411,-0.0334156525094325,1
2004-04-07,-0.02313782596425347,0.01411247997359498,-0.03019406595105096,-0.01608158597745598,-0.0360772582894499,1
2004-05-05,-0.023812446243648498,0.013656998389687675,-0.030640945438492335,-0.01698394704880466,-0.0318210201376925,1
2004-06-02,-0.02449649921035256,0.012807589003334154,-0.030900293712019637,-0.018092704708685483,-0.025824887733140504,0
2004-06-30,-0.025069115655576783,0.012075065986205571,-0.03110664864867957,-0.019031582662473998,-0.024061262348350196,0
2004-07-28,-0.025568937793394475,0.011462778810628101,-0.031300327198708525,-0.019837548388080425,-0.0241746042447264,0
2004-08-25,-0.026056150821871737,0.010812601548431834,-0.031462451596087654,-0.02064985004765582,-0.023902858305248208,0
2004-09-22,-0.026550514933945293,0.010222941619284526,-0.031661985743587556,-0.02143904412430303,-0.026852830251476903,0
2004-10-20,-0.026901332975711473,0.009844034268716908,-0.031823350110069926,-0.02197931584135302,-0.0252187444554657,0
2004-11-17,-0.02725818344331153,0.009459213032638898,-0.03198778995963098,-0.022528576926992082,-0.0261498865824538,0
2004-12-15,-0.027536183815244433,0.009095597101246307,-0.03208398236586758,-0.02298838526462128,-0.022723989901283097,-1
2005-01-12,-0.02766126573426195,0.008937736970649953,-0.03213013421958693,-0.023192397248936975,-0.0196901713042038,-1
2005-02-09,-0.027683405666017877,0.008907456374596555,-0.03213713385331615,-0.0232296774787196,-0.016279294457462595,-1
2005-03-09,-0.02763773106692223,0.008982553325513514,-0.032129007729678985,-0.023146454404165472,-0.012048721264858397,-1
2005-04-06,-0.027490345237695737,0.009205290893759393,-0.03209299068457543,-0.022887699790816042,-0.010253064508054001,-1
2005-05-04,-0.027312678156050447,0.009456124019500294,-0.032040740165800594,-0.0225846161463003,-0.0098622623689201,-1
2005-06-01,-0.027183831909124972,0.009642453945362705,-0.032005058881806325,-0.02236260493644362,-0.010354197663274299,-1
2005-06-29,-0.027069203644891085,0.00982403286643972,-0.031981220078110946,-0.022157187211671224,-0.009024569468074298,-1
2005-07-27,-0.02696346652049664,0.010004124322146079,-0.03196552868156968,-0.021961404359423602,-0.0077062367307962,-1
2005-08-24,-0.026691729209651772,0.010390077755002013,-0.03188676808715278,-0.021496690332150764,-0.0055578218519527,-1
2005-09-21,-0.02639804104721566,0.010745229168699121,-0.03177065563156522,-0.0210254264628661,-0.006375488974587,-1
2005-10-19,-0.02596219604193502,0.010993894590092404,-0.03145914333698122,-0.02046524874688882,-0.008765927409077202,-1
2005-11-16,-0.02558433678498986,0.011271943808290833,-0.03122030868913528,-0.019948364880844442,-0.007914265769811205,-1
2005-12-14,-0.025332435346483148,0.011562102044729272,-0.031113486368847785,-0.01955138432411851,-0.006010901490761597,-1
2006-01-11,-0.025110343495550285,0.0118094614947374,-0.031015074242918987,-0.019205612748181583,-0.006682011054239802,-1
2006-02-08,-0.02482571449102916,0.012087640707142081,-0.0308695348446002,-0.01878189413745812,-0.006114455031539401,-1
2006-03-08,-0.02452426495082978,0.012400676709032483,-0.030724603305346022,-0.018323926596313538,-0.004367043495900898,-1
2006-04-05,-0.02433634483677886,0.012618001757268368,-0.030645345715413046,-0.018027343958144676,-0.0053558415699421005,-1
2006-05-03,-0.024177565530960857,0.012796277431567816,-0.030575704246744766,-0.017779426815176948,-0.006135629175131899,-1
2006-05-31,-0.024044283456166906,0.012925060904727257,-0.030506813908530536,-0.017581753003803276,-0.008457973839622303,-1
2006-06-28,-0.023794644884590006,0.013129171255972495,-0.030359230512576253,-0.017230059256603758,-0.006982417882887601,-1
2006-07-26,-0.02341716760236299,0.013409698165860524,-0.03012201668529325,-0.016712318519432726,-0.0041197936603787,-1
2006-08-23,-0.022860560183107646,0.013514340016534792,-0.029617730191375043,-0.01610339017484025,-0.006184889943053495,-1
2006-09-20,-0.02237489240907247,0.013573215131719541,-0.02916149997493224,-0.0155882848432127,-0.0083800925919617,-1
2006-10-18,-0.021817997851406153,0.0135701967773705,-0.028603096240091403,-0.015032899462720902,-0.007689330349544797,-1
2006-11-15,-0.021265616872672567,0.013549017254484519,-0.028040125499914827,-0.014491108245430307,-0.007689809406594902,-1
2006-12-13,-0.020755841130285776,0.01356641882775212,-0.027539050544161836,-0.013972631716409716,-0.0073026569861959975,-1
2007-01-10,-0.020189225733053713,0.013452258457619997,-0.026915354961863713,-0.013463096504243714,-0.008410020760871703,-1
2007-02-07,-0.019588984260734185,0.013317994688088449,-0.026247981604778408,-0.012929986916689961,-0.007219273618580595,-1
2007-03-07,-0.01897633812343166,0.013136765380720073,-0.025544720813791697,-0.012407955433071622,-0.007191458877502298,-1
2007-04-04,-0.01845308130128132,0.012859321809998374,-0.024882742206280506,-0.012023420396282132,-0.011869376932439599,-1
2007-05-02,-0.017920260669898356,0.012509659104118496,-0.024175090221957605,-0.011665431117839107,-0.0124974312630294,0
2007-05-30,-0.01735086463620493,0.0121497014247053,-0.02342571534855758,-0.01127601392385228,-0.010475881383745604,-1
2007-06-27,-0.016672781217724992,0.011743599235255734,-0.022544580835352858,-0.010800981600097126,-0.006398875642963799,-1
2007-07-25,-0.016022361867430508,0.011312850419756023,-0.02167878707730852,-0.010365936657552498,-0.006924566243812401,-1
2007-08-22,-0.01546869798035563,0.010841386876144414,-0.020889391418427838,-0.010048004542283422,-0.0106014153645511,0
2007-09-19,-0.015088610222369798,0.010571577846365483,-0.02037439914555254,-0.009802821299187057,-0.012850318298563701,0
2007-10-17,-0.014631419770064854,0.010061001719925787,-0.019661920630027748,-0.009600918910101959,-0.014272419898005304,0
2007-11-14,-0.01423505461733139,0.009608121988941003,-0.01903911561180189,-0.009430993622860888,-0.0151484454186653,0
2007-12-12,-0.013940661451232805,0.009259520409600654,-0.01857042165603313,-0.009310901246432478,-0.017389738534063504,0
2008-01-09,-0.013759444561971007,0.008973448361586011,-0.018246168742764014,-0.009272720381178,-0.023253092015061098,1
2008-02-06,-0.01365991428265557,0.008754043975530095,-0.018036936270420616,-0.009282892294890523,-0.0302853654386876,1
2008-03-05,-0.013703709860021599,0.008859874860499366,-0.018133647290271282,-0.009273772429771916,-0.035693022532465896,1
2008-04-02,-0.01380423308426205,0.009143804418436178,-0.018376135293480138,-0.009232330875043961,-0.0413044659499533,1
2008-04-30,-0.013806259320823612,0.009147885925143949,-0.018380202283395587,-0.009232316358251638,-0.0319263844388938,1
2008-05-28,-0.013759119547285372,0.009090876768801942,-0.018304557931686342,-0.009213681162884402,-0.023373619509152,1
2008-06-25,-0.013727634507888288,0.009057270093691618,-0.018256269554734098,-0.009198999461042478,-0.0224240402997019,1
2008-07-23,-0.013659779315149901,0.008990439645138727,-0.018154999137719265,-0.009164559492580538,-0.020646134222330297,1
2008-08-20,-0.013582021333586868,0.00891729869163288,-0.018040670679403306,-0.009123371987770428,-0.0198594432639704,1
2008-09-17,-0.013594684955441479,0.008936960250513014,-0.018063165080697986,-0.009126204830184972,-0.027511338587916698,1
2008-10-15,-0.01372571359240991,0.009157942938634594,-0.018304685061727208,-0.009146742123092612,-0.0320322335778241,1
2008-11-12,-0.013751234871602586,0.009195019545339581,-0.01834874464427238,-0.009153725098932796,-0.027476993100472996,1
2008-12-10,-0.01406724192751465,0.009773598641163903,-0.0189540412480966,-0.009180442606932699,-0.039156356808710505,1
2009-01-07,-0.01423468021846322,0.009944897652353927,-0.019207129044640184,-0.009262231392286255,-0.0283969624335293,1
2009-02-04,-0.014523910388468547,0.01022041687301372,-0.019634118824975406,-0.009413701951961687,-0.0313192632977397,1
2009-03-04,-0.01493203819055221,0.010538428268995642,-0.02020125232505003,-0.009662824056054387,-0.033271366973208705,1
2009-04-01,-0.015463609118867603,0.010985446645573398,-0.0209563324416543,-0.009970885796080905,-0.0378947527804546,1
2009-04-29,-0.01593690023114227,0.011265974085755729,-0.021569887274020132,-0.010303913188264405,-0.0344734002072027,1
2009-05-27,-0.01642752088232557,0.011569512990512693,-0.02221227737758192,-0.010642764387069225,-0.0358664715248061,1
2009-06-24,-0.017003915834255666,0.011934331495003885,-0.022971081581757608,-0.011036750086753724,-0.038997106968439194,1
2009-07-22,-0.01741348642414025,0.011974377663067038,-0.02340067525567377,-0.01142629759260673,-0.029003907404794402,1
2009-08-19,-0.018000654772996918,0.01212922315114773,-0.02406526634857078,-0.011936043197423054,-0.0360905759924995,1
2009-09-16,-0.0184904500526725,0.012164769993952846,-0.024572835049648925,-0.012408065055696077,-0.0318448435177172,1
2009-10-14,-0.01890467607259549,0.012193838110970216,-0.0250015951280806,-0.012807757017110382,-0.0303056804450729,1
2009-11-11,-0.019377169379121238,0.012235573153734185,-0.02549495595598833,-0.013259382802254145,-0.032483917709150004,1
2009-12-09,-0.019971222967189853,0.01232347721643903,-0.02613296157540937,-0.013809484358970338,-0.0369016880703297,1
2010-01-06,-0.020587211871828028,0.012446126217897471,-0.026810274980776764,-0.014364148762879291,-0.038713434095424604,1
2010-02-03,-0.021147651727463405,0.012437788502814323,-0.027366545978870567,-0.014928757476056244,-0.035257327524579204,1
2010-03-03,-0.02176537131111655,0.012385584076070459,-0.02795816334915178,-0.015572579273081321,-0.0364884618458645,1
2010-03-31,-0.02238860217184223,0.012359023222719237,-0.028568113783201846,-0.01620909056048261,-0.0377638463276774,1
2010-04-28,-0.02291535630740771,0.012235828998247893,-0.029033270806531657,-0.016797441808283766,-0.033526844224536806,1
2010-05-26,-0.023374447356042962,0.01213014739163419,-0.029439521051860058,-0.017309373660225866,-0.032330708368655606,1
2010-06-23,-0.023871958053931767,0.01197418565305031,-0.02985905088045692,-0.017884865227406614,-0.03285297417310509,1
2010-07-21,-0.02447813597963922,0.01175042190780411,-0.030353346933541275,-0.01860292502573716,-0.0356410457971664,1
2010-08-18,-0.025054048425493972,0.011568740514654808,-0.030838418682821375,-0.01926967816816657,-0.036132337127500594,1
2010-09-15,-0.02558136772573523,0.01141776551205733,-0.0312902504817639,-0.019872484969706564,-0.035800696204507,1
2010-10-13,-0.026154025873389594,0.01124830053797557,-0.03177817614237738,-0.02052987560440181,-0.037467554027572,1
2010-11-10,-0.02682712961815715,0.011168696555216365,-0.03241147789576533,-0.021242781340548966,-0.04269120413450771,1
2010-12-08,-0.027577352577287738,0.011141693810441352,-0.03314819948250841,-0.02200650567206706,-0.046314250860986596,1
2011-01-05,-0.028220040065647933,0.010977044436238518,-0.033708562283767195,-0.022731517847528675,-0.041829770155602,1
2011-02-02,-0.028854680243927296,0.010689290173317887,-0.03419932533058624,-0.023510035157268353,-0.0402205628891073,1
2011-03-02,-0.02951798016852927,0.01038447267497589,-0.034710216506017216,-0.024325743831041323,-0.0416830549568048,1
2011-03-30,-0.03004812013486721,0.010167222721673964,-0.03513173149570419,-0.024964508774030225,-0.0394366551820124,1
2011-04-27,-0.030512834467338643,0.009897997198808364,-0.035461833066742825,-0.02556383586793446,-0.0366625765515442,1
2011-05-25,-0.031056755680871455,0.009546209859527402,-0.03582986061063516,-0.026283650751107755,-0.0387597844874515,1
2011-06-22,-0.03169535955003273,0.00895688271444409,-0.03617380090725477,-0.027216918192810684,-0.03960627683935,1
2011-07-20,-0.032396800736490455,0.008389212270041373,-0.03659140687151114,-0.02820219460146977,-0.0433995079396143,1
2011-08-17,-0.03304985836488663,0.007970608315321228,-0.037035162522547245,-0.029064554207226014,-0.0445604120411523,1
2011-09-14,-0.03361609488474511,0.007541820858270029,-0.037387005313880124,-0.029845184455610095,-0.0422946173312047,1
2011-10-12,-0.03408344694556286,0.007057029165108982,-0.037611961528117355,-0.03055493236300837,-0.0385747270605282,1
2011-11-09,-0.03442855796918788,0.0065321763153131495,-0.03769464612684446,-0.031162469811531306,-0.03309421864716661,0
2011-12-07,-0.03473391183959384,0.006075202521349721,-0.037771513100268696,-0.03169631057891898,-0.033268139795173,0
2012-01-04,-0.0349290218790391,0.005858304143688099,-0.03785817395088315,-0.031999869807195054,-0.0333988140662151,0
2012-02-01,-0.03497882704856299,0.0058289870795561445,-0.037893320588341065,-0.03206433350878492,-0.032875234253930005,0
2012-02-29,-0.034949095265127614,0.005829215723410863,-0.03786370312683304,-0.032034487403422185,-0.0341469697938261,0
2012-03-28,-0.03479589619744256,0.005763222883986802,-0.03767750763943596,-0.03191428475544916,-0.0333381144303303,0
2012-04-25,-0.034845797575900846,0.005749106461353167,-0.03772035080657743,-0.03197124434522426,-0.034521256118724704,0
2012-05-23,-0.03506526146212027,0.005515666935241109,-0.03782309492974083,-0.03230742799449972,-0.0347857415925624,0
2012-06-20,-0.03521720159737059,0.005263677798156191,-0.03784904049644868,-0.03258536269829249,-0.030324927332717997,-1
2012-07-18,-0.035371510959359226,0.0049355259971190415,-0.037839273957918744,-0.03290374796079971,-0.0286702210457395,-1
2012-08-15,-0.03556703195114832,0.004490265955733954,-0.0378121649290153,-0.03332189897328134,-0.030026534837003405,-1
2012-09-12,-0.03565852224918652,0.0043697614125412535,-0.03784340295545714,-0.03347364154291589,-0.032268834085902795,-1
2012-10-10,-0.03567492731120438,0.004357464567308604,-0.03785365959485868,-0.03349619502755007,-0.032885296802752706,-1
2012-11-07,-0.03576381406983656,0.004232303199086434,-0.037879965669379775,-0.03364766247029334,-0.032099104549346696,-1
2012-12-05,-0.03561167314396171,0.004250117293296982,-0.0377367317906102,-0.033486614497313216,-0.0312450286632183,-1
2013-01-02,-0.0356684103091254,0.004170869622893601,-0.037753845120572206,-0.0335829754976786,-0.0313472950220414,-1
2013-01-30,-0.035701304853669354,0.004142545512626614,-0.03777257760998266,-0.033630032097356044,-0.0330297796140252,-1
2013-02-27,-0.03572649387769717,0.004131447786532993,-0.037792217770963664,-0.033660769984430676,-0.034581196222654896,0
2013-03-27,-0.03566731391061846,0.004121809279383284,-0.037728218550310104,-0.03360640927092682,-0.034817394492362194,0
2013-04-24,-0.03568092317641238,0.004118957270956204,-0.037740401811890485,-0.03362144454093428,-0.0351810820284863,0
2013-05-22,-0.03561872739786081,0.0041404623127719,-0.03768895855424676,-0.03354849624147486,-0.0326322910401246,-1
2013-06-19,-0.03553833790975384,0.004114079939060651,-0.037595377879284166,-0.03348129794022351,-0.0348168535868763,0
2013-07-17,-0.03566376478190985,0.0040090379507212144,-0.03766828375727046,-0.03365924580654924,-0.0355261047569071,0
2013-08-14,-0.03566986253903386,0.0040099409013475565,-0.03767483298970764,-0.033664892088360085,-0.0364076593629482,0
2013-09-11,-0.035792992696107195,0.003988430754230624,-0.03778720807322251,-0.033798777318991884,-0.038247611685530494,1
2013-10-09,-0.03587315731838584,0.003917234202585229,-0.03783177441967846,-0.033914540217093225,-0.0344742408035627,0
2013-11-06,-0.03596416274756903,0.0038918392972516294,-0.037910082396194845,-0.03401824309894321,-0.0372162000266754,0
2013-12-04,-0.03601105505949221,0.003917959268255098,-0.03797003469361976,-0.03405207542536466,-0.039340088290335,1
2014-01-01,-0.036064962695171864,0.003974743913641105,-0.03805233465199242,-0.03407759073835131,-0.0415166311507668,1
2014-01-29,-0.0361242454162682,0.003985436599740544,-0.03811696371613847,-0.03413152711639793,-0.0383400290215888,1
2014-02-26,-0.03609471052373383,0.003988374226568147,-0.0380888976370179,-0.03410052341044976,-0.0349526474340771,0
2014-03-26,-0.0360538029389248,0.003981822330112503,-0.03804471410398105,-0.03406289177386855,-0.035636651917608106,0
2014-04-23,-0.03599678448834175,0.00403952761184286,-0.03801654829426318,-0.033977020682420325,-0.0305618847942185,-1
2014-05-21,-0.035941007766319116,0.00411054009298994,-0.03799627781281409,-0.033885737719824144,-0.029430318823478203,-1
2014-06-18,-0.03590417975588882,0.004147165259972501,-0.037977762385875066,-0.03383059712590257,-0.030937917630729603,-1
2014-07-16,-0.035750155696125545,0.0043029343891075175,-0.037901622890679304,-0.033598688501571786,-0.027631794689476,-1
2014-08-13,-0.03555889006967907,0.004502052142408937,-0.03780991614088354,-0.0333078639984746,-0.0261865245522842,-1
2014-09-10,-0.03539201920601704,0.0046512553525394846,-0.037717646882286786,-0.033066391529747295,-0.027123411294081398,-1
2014-10-08,-0.03510072879771276,0.004981315662889945,-0.03759138662915774,-0.032610070966267786,-0.022320452795749603,-1
2014-11-05,-0.03473745687810703,0.00510419596063041,-0.03728955485842224,-0.032185358897791824,-0.0238010643150097,-1
2014-12-03,-0.03425770897165326,0.005166754123459379,-0.03684108603338295,-0.031674331909923574,-0.021367359725390698,-1
2014-12-31,-0.033833419816250626,0.005431848514907064,-0.03654934407370416,-0.031117495558797094,-0.0197667340746646,-1
2015-01-28,-0.03334149703837162,0.005973372416291043,-0.03632818324651715,-0.030354810830226103,-0.0146405784393991,-1
2015-02-25,-0.03281529564769757,0.006413153615661151,-0.036021872455528146,-0.029608718839866995,-0.014320582641754202,-1
2015-03-25,-0.032361699580643645,0.006760390603932604,-0.03574189488260995,-0.028981504278677343,-0.015849659695208303,-1
2015-04-22,-0.03196252792305125,0.007105459615482339,-0.03551525773079242,-0.02840979811531008,-0.0159056503567398,-1
2015-05-20,-0.03157632730006315,0.007272568289591497,-0.0352126114448589,-0.0279400431552674,-0.0186773520920701,-1
2015-06-17,-0.03125332128466351,0.007281922891685556,-0.034894282730506286,-0.02761235983882073,-0.0228099640385687,-1
2015-07-15,-0.03083005034698026,0.007201302897620587,-0.03443070179579055,-0.027229398898169967,-0.0213894191800857,-1
2015-08-12,-0.030398275493965864,0.007033047817248709,-0.03391479940259022,-0.02688175158534151,-0.0221081196844035,-1
2015-09-09,-0.029943277200412587,0.007013635513463969,-0.03345009495714457,-0.0264364594436806,-0.0186347060664342,-1
2015-10-07,-0.029559612627962324,0.007077596791942785,-0.03309841102393372,-0.02602081423199093,-0.018624169293114598,-1
2015-11-04,-0.029269238210234867,0.007237672855920912,-0.032888074638195326,-0.02565040178227441,-0.0179947489253388,-1
2015-12-02,-0.0289389668028758,0.007440617456805019,-0.03265927553127831,-0.02521865807447329,-0.016094026612501602,-1
2015-12-30,-0.028562343841335505,0.007701525108673325,-0.032413106395672166,-0.02471158128699884,-0.0138144200661196,-1
2016-01-27,-0.028190485125385207,0.007951951124983182,-0.0321664606878768,-0.024214509562893616,-0.013538581024514499,-1
2016-02-24,-0.027821608488344838,0.008113481633767424,-0.03187834930522855,-0.023764867671461125,-0.014965384667726902,-1
2016-03-23,-0.02750318690317609,0.008216991524758325,-0.03161168266555525,-0.023394691140796925,-0.016780192001555498,-1
2016-04-20,-0.027132460954687607,0.008328272346907134,-0.031296597128141174,-0.02296832478123404,-0.0152435067973236,-1
2016-05-18,-0.026768100503095468,0.008401018016035041,-0.030968609511112986,-0.02256759149507795,-0.015838998109770998,-1
2016-06-15,-0.026470263209033465,0.008545736702193798,-0.030743131560130366,-0.022197394857936564,-0.014837388041493798,-1
2016-07-13,-0.0262271476949704,0.008660971176368791,-0.030557633283154795,-0.021896662106786004,-0.016028214314460103,-1
2016-08-10,-0.02588846701552215,0.008851725317412698,-0.0303143296742285,-0.021462604356815802,-0.0124151395056948,-1
2016-09-07,-0.025539363516712973,0.008952557397589198,-0.030015642215507572,-0.021063084817918375,-0.0141154521478253,-1
2016-10-05,-0.025175016681638077,0.009032901936955506,-0.02969146765011583,-0.020658565713160326,-0.013939261378858302,-1
2016-11-02,-0.02484613105109964,0.009087032934556677,-0.029389647518377977,-0.0203026145838213,-0.0149970517613479,-1
2016-11-30,-0.024578301305111912,0.009099968849447372,-0.0291282857298356,-0.020028316880388225,-0.0173178818718564,-1
2016-12-28,-0.024278616760381032,0.00912923430239834,-0.028843233911580203,-0.01971399960918186,-0.0157636986960356,-1
2017-01-25,-0.02390676792007742,0.00915954193208661,-0.028486538886120724,-0.019326996954034115,-0.013693639918237403,-1
2017-02-22,-0.023491815621682326,0.009155238472391755,-0.028069434857878203,-0.01891419638548645,-0.013003676706110003,-1
2017-03-22,-0.023081001332107012,0.009116274940802695,-0.02763913880250836,-0.018522863861705666,-0.013455051434445902,-1
2017-04-19,-0.022693260221769866,0.009019807532970754,-0.027203163988255244,-0.01818335645528449,-0.0150185442909548,-1
2017-05-17,-0.02238428381669977,0.008947563982379874,-0.026858065807889707,-0.017910501825509836,-0.0165655179764796,-1
2017-06-14,-0.022041578486000225,0.008802138367233302,-0.026442647669616876,-0.017640509302383575,-0.016996176390499898,-1
2017-07-12,-0.02164263094278736,0.008647757659733298,-0.02596650977265401,-0.017318752112920714,-0.0147808325098382,-1
2017-08-09,-0.021234920447464486,0.008435151078107283,-0.02545249598651813,-0.017017344908410843,-0.0152067136061587,-1
2017-09-06,-0.020800511645128864,0.008117511834353889,-0.02485926756230581,-0.016741755727951918,-0.015658353964078303,-1
2017-10-04,-0.02044526421952464,0.007908908263415481,-0.02439971835123238,-0.016490810087816898,-0.0160013746721427,-1
2017-11-01,-0.019994470356352254,0.007596121760628385,-0.023792531236666446,-0.01619640947603806,-0.0137749191417116,-1
2017-11-29,-0.019456193981524556,0.007178626542724359,-0.023045507252886736,-0.015866880710162377,-0.0113497167992947,-1
2017-12-27,-0.018831805825453234,0.006611861281399332,-0.0221377364661529,-0.015525875184753568,-0.009048447035057899,-1
2018-01-24,-0.01822951924536455,0.006214484347193472,-0.02133676141896129,-0.015122277071767816,-0.007021126856977398,-1
2018-02-21,-0.01763635679652695,0.006057022291464215,-0.02066486794225906,-0.014607845650794843,-0.0041082000945219,-1
2018-03-21,-0.017081529032241142,0.005685868675098724,-0.019924463369790504,-0.01423859469469178,-0.0067856081747459,-1
2018-04-18,-0.016574948622643366,0.005634533513755313,-0.019392215379521023,-0.01375768186576571,-0.004219703495134296,-1
2018-05-16,-0.016046725526964345,0.005692950728385629,-0.01889320089115716,-0.01320025016277153,-0.0019627178481689996,-1
2018-06-13,-0.015492767645389961,0.005616512536867697,-0.018301023913823808,-0.012684511376956113,-0.002132107788861696,-1
2018-07-11,-0.014982066593980159,0.005697866300780146,-0.017830999744370232,-0.012133133443590086,-0.0010753400161662013,-1
2018-08-08,-0.014474167370640141,0.005854489524236547,-0.017401412132758413,-0.011546922608521868,0.00022423506139659932,-1
2018-09-05,-0.013966766621557696,0.0058800142372978535,-0.01690677374020662,-0.011026759502908769,-0.0007385723417942004,-1
2018-10-03,-0.013573878524390588,0.0059923706721048565,-0.016570063860443015,-0.01057769318833816,-0.0018902717430600013,-1
2018-10-31,-0.013137962982256028,0.006057925350975437,-0.016166925657743747,-0.010109000306768309,-0.0011334561240125968,-1
2018-11-28,-0.01279070278065575,0.006094388318545653,-0.015837896939928577,-0.009743508621382922,-0.003309829242176099,-1
2018-12-26,-0.012499319485351814,0.0061164922142488655,-0.015557565592476248,-0.009441073378227381,-0.004614802718860098,-1
2019-01-23,-0.012321615930316441,0.006186891076809448,-0.015415061468721165,-0.009228170391911717,-0.0053999935775596,-1
2019-02-20,-0.012168691309983336,0.006234606620189518,-0.015285994620078095,-0.009051387999888577,-0.0063685023844329,-1
2019-03-20,-0.012001088364190051,0.0062508369451989695,-0.015126506836789537,-0.008875669891590566,-0.007134306513957401,-1
2019-04-17,-0.011869777752257173,0.006238913701044701,-0.014989234602779523,-0.008750320901734823,-0.009077498536230195,0
2019-05-15,-0.011669613954172077,0.006182940742489246,-0.0147610843254167,-0.008578143582927454,-0.008268834591645,-1
2019-06-12,-0.011449478970625933,0.005978939056027512,-0.014438948498639689,-0.008460009442612177,-0.0113629448941691,0
2019-07-10,-0.011275084394294584,0.005813285644183188,-0.014181727216386178,-0.00836844157220299,-0.012320901210855599,0
2019-08-07,-0.011081101283301606,0.005609434963579881,-0.013885818765091547,-0.008276383801511664,-0.0120209979127687,0
2019-09-04,-0.010954811256702494,0.005509066889173253,-0.01370934470128912,-0.008200277812115868,-0.0120676246832804,0
2019-10-02,-0.010851673866561952,0.00541201848090365,-0.013557683107013777,-0.008145664626110126,-0.0132610250058064,0
2019-10-30,-0.010749327590280133,0.005323892185735124,-0.013411273683147696,-0.00808738149741257,-0.0126727425586842,0
2019-11-27,-0.010615640411181708,0.005274099908765055,-0.013252690365564236,-0.007978590456799179,-0.0091422932993835,0
2019-12-25,-0.01051168354039079,0.005263077485579434,-0.013143222283180506,-0.007880144797601074,-0.008408662784991902,0
2020-01-22,-0.010421865215439727,0.005250245949571156,-0.013046988190225305,-0.00779674224065415,-0.0088680281270592,0
2020-02-19,-0.010337690548051486,0.00521091407768811,-0.012943147586895541,-0.007732233509207431,-0.010588301963538401,0
2020-03-18,-0.010212114377269444,0.005130678047281558,-0.012777453400910223,-0.007646775353628666,-0.0102502311208894,0
2020-04-15,-0.010136534661819546,0.005083841212094229,-0.012678455267866661,-0.007594614055772431,-0.011313361593928801,0
2020-05-13,-0.01013937518994176,0.005087130062084096,-0.012682940220983808,-0.007595810158899711,-0.015986705572126,1
2020-06-10,-0.010170935613673092,0.005121820430178315,-0.01273184582876225,-0.007610025398583934,-0.0164785300755231,1
2020-07-08,-0.010270419058953675,0.0052854462275642115,-0.01291314217273578,-0.007627695945171569,-0.021201353469050402,1
2020-08-05,-0.010384647529700102,0.005395741741365877,-0.01308251840038304,-0.007686776659017163,-0.0183550199845091,1
2020-09-02,-0.010441623173589064,0.005451265766791485,-0.013167256056984806,-0.0077159902901933215,-0.0170781856300514,1
2020-09-30,-0.01053382895160777,0.005551220550929531,-0.013309439227072535,-0.007758218676143005,-0.0187339618358309,1
2020-10-28,-0.010633162170345442,0.005677430484223291,-0.013471877412457088,-0.007794446928233797,-0.0201623791357069,1
2020-11-25,-0.010693440284420364,0.005765747359122708,-0.013576313963981719,-0.00781056660485901,-0.020452343803752302,1
2020-12-23,-0.010779949779444778,0.00587600689419437,-0.013717953226541964,-0.007841946332347593,-0.0202621924373051,1
2021-01-20,-0.010935424968468,0.00605872980264424,-0.01396478986979012,-0.007906060067145879,-0.021778349747445,1
2021-02-17,-0.011142328718859857,0.006309272767537334,-0.014296965102628524,-0.00798769233509119,-0.023762671726486502,1
2021-03-17,-0.011412944298694772,0.006700096202399544,-0.014762992399894544,-0.008062896197495,-0.027527061585861497,1
2021-04-14,-0.01173002485080518,0.007242288196404739,-0.01535116894900755,-0.00810888075260281,-0.0315067330006961,1
2021-05-12,-0.011946382495918017,0.007551046961355555,-0.015721905976595795,-0.008170859015240239,-0.0278161155223472,1
2021-06-09,-0.012169227820381483,0.00786736350066313,-0.01610290957071305,-0.008235546070049917,-0.0285841332626001,1
2021-07-07,-0.012401122771853243,0.008119526342293692,-0.01646088594300009,-0.008341359600706397,-0.0268393699863697,1
2021-08-04,-0.012542993191577643,0.008233164214723566,-0.016659575298939425,-0.00842641108421586,-0.0225839754318274,1
2021-09-01,-0.0126807835538867,0.008345516276343664,-0.01685354169205853,-0.008508025415714868,-0.022823452804149297,1
2021-09-29,-0.012806462952705435,0.008445118339896009,-0.01702902212265344,-0.00858390378275743,-0.022536703410717,1
2021-10-27,-0.012949453142647458,0.008524412937635253,-0.017211659611465084,-0.008687246673829831,-0.0212104090186967,1
2021-11-24,-0.012987798288613775,0.008521559969985503,-0.017248578273606527,-0.008727018303621024,-0.013343664389543299,0
2021-12-22,-0.013054397427334581,0.008503682975617604,-0.017306238915143383,-0.00880255593952578,-0.0125116022485397,0
2022-01-19,-0.01313948099451129,0.008464175577648194,-0.017371568783335387,-0.008907393205687193,-0.0114454723501663,0
2022-02-16,-0.013224419439050984,0.00839363663042586,-0.017421237754263914,-0.009027601123838054,-0.008524999210586002,-1
2022-03-16,-0.013212902969734146,0.008403049760410189,-0.01741442784993924,-0.009011378089529051,-0.0061867517702703,-1
2022-04-13,-0.01314190370039946,0.008495612555615184,-0.017389709978207053,-0.008894097422591868,-0.0005277414897306015,-1
2022-05-11,-0.013085986479467236,0.008579787586827262,-0.017375880272880867,-0.008796092686053605,0.000944977640306599,-1
2022-06-08,-0.013014663635746361,0.008687372307304925,-0.017358349789398823,-0.0086709774820939,0.001576680084623902,-1
2022-07-06,-0.01304087720529175,0.008652626853528862,-0.017367190632056183,-0.008714563778527319,-0.002438445632526501,-1
2022-08-03,-0.01321316117701706,0.008470599074892256,-0.01744846071446319,-0.008977861639570931,-0.008734531468319505,-1
2022-08-31,-0.01335156527969866,0.008320238523398419,-0.01751168454139787,-0.00919144601799945,-0.007935585681237301,-1
2022-09-28,-0.013454393611412856,0.008208099100431498,-0.017558443161628606,-0.009350344061197106,-0.007237344992198302,-1
2022-10-26,-0.013461099386597663,0.008197972079625976,-0.01756008542641065,-0.009362113346784676,-0.0014821564336224974,-1
2022-11-23,-0.0135402418678193,0.008117521218507675,-0.017599002477073137,-0.009481481258565464,-0.007425238265701399,-1
