date,mean,std,z_score,ci_lower,ci_upper,ci_mid,pnl_no_fees_pred,pnl_pred,signal
2001-08-29,-0.012974747280285685,0.005489074208060722,-1.2230504600832945,,,,,,0
2001-09-26,-0.01455177628010206,0.00469502359734267,-1.5112804002047844,,,,,,0
2001-10-24,-0.01643282715702868,0.006096454477742925,-2.4599610447995897,,,,,,0
2001-11-21,-0.017968925992698608,0.006198622332471745,-1.5477666848651845,,,,,,0
2001-12-19,-0.018802911049032315,0.005471335341263426,-0.05608598722947674,,,,,,0
2002-01-16,-0.019190978417298138,0.005212525101039995,0.1842084394678625,,,,,,0
2002-02-13,-0.019636143437335336,0.005082108704432267,-0.25167108845727504,,,,,,0
2002-03-13,-0.020068344911830467,0.004834788100070473,0.005362246498743178,,,,,,0
2002-04-10,-0.019853772594350345,0.004997382105418561,0.9457121737070793,,,,,,0
2002-05-08,-0.019491557399211323,0.005222091564399351,0.9765061103691995,,,,,,0
2002-06-05,-0.019363437339635085,0.005306620943433747,0.7490257271240714,,,,,,0
2002-07-03,-0.01974638998553123,0.0051413992035705056,-0.042251848330375714,-2966.0937192817637,13591.45875705093,5312.682518884583,-224.47065601534982,0.0,0
2002-07-31,-0.02055747038067555,0.004846631986298753,-0.6584246471630582,-4053.024080709061,11704.627143756243,3825.801531523591,-2519.002023509308,-3552.7688434567026,-1
2002-08-28,-0.021745186821325226,0.006292176922827155,-2.126972761120802,-5598.581600950534,5870.921992466785,136.170195758125,-289.63029725401924,-8333.445006795762,-1
2002-09-25,-0.02266730554598105,0.007102802626879374,-1.5441103845832527,-5625.057900513264,4232.180763039381,-696.4385687369413,1075.3780262110085,4531.864164218447,1
2002-10-23,-0.0230686885970982,0.007756590247143486,-1.7506608340044512,-5951.087086312667,2464.359088530861,-1743.363998890903,3052.0390722716834,6264.488927911099,1
2002-11-20,-0.023749509610158336,0.008533460734450882,-1.4840533149061335,-6189.236340468218,1344.7981743189507,-2422.219083074634,3594.7022596658057,5031.310553963211,1
2002-12-18,-0.02488037263301977,0.008836103660825524,-1.010696942916475,-6542.6118001806935,581.9268698477081,-2980.3424651664927,3012.223018387925,2458.751591285727,1
2003-01-15,-0.026391390641803646,0.009272977668186543,-1.2382894886644145,-6801.079469461962,-225.39641755274351,-3513.2379435073526,4350.405616622139,4267.859064759945,1
2003-02-12,-0.02773882655815427,0.009674872565364857,-1.105234570150493,-6918.640533573367,-791.1439789576189,-3854.892256265493,4260.560185830057,3492.8745423035843,1
2003-03-12,-0.029200875668228484,0.009849432836675406,-0.9998730396266334,-6919.542784424759,-1174.7644641486822,-4047.1536242867205,4046.639796151509,2764.8181228431677,1
2003-04-09,-0.031043263682356746,0.009217403032633232,-0.8717713626551897,-7078.2868964470945,-1613.1871582365925,-4345.737027341844,3788.4890900669125,2016.8016591339028,1
2003-05-07,-0.033028798375993325,0.008036050089191869,-0.8928896210590509,-7036.85275178247,-1879.9841733459466,-4458.418462564208,3980.875571561632,2129.2866331412342,1
2003-06-04,-0.034928477868831465,0.006235853938820203,-0.8268309869919314,-6848.809422114622,-1963.6990226959165,-4406.2542224052695,3643.227527648714,1508.961700360518,1
2003-07-02,-0.0365973693918341,0.004580564411689533,-1.1050699339951988,-6620.50941015784,-2111.1415474618043,-4365.825478809822,4824.542473702927,3162.279743051562,1
2003-07-30,-0.037904889401291185,0.0026089206110351017,-1.0891412509125928,-7306.154034381811,-2979.142146818147,-5142.648090599979,5601.070174399318,3803.5875905205376,1
2003-08-27,-0.03823284799729989,0.0024963673834528764,-0.46431046280600313,-8286.251853034906,-3435.3781457794153,-5860.814999407161,2721.237724795104,0.0,0
2003-09-24,-0.03815439144899499,0.002663359961645852,2.079895250713609,-4536.453505500578,154.40559617283407,-2191.0239546638722,-4557.100317505137,-5281.501947327601,-1
2003-10-22,-0.03826196653127724,0.0026254110442780537,0.08213689581478086,-4607.362140137706,425.97186013399096,-2090.6951400018575,-171.72320889480125,0.0,0
2003-11-19,-0.03821164445897446,0.0026696873452380673,0.9185386830195997,-3334.830467831229,1985.0668354570855,-674.8818161870715,-619.9050546343483,0.0,0
2003-12-17,-0.0381260435036576,0.0028352550349180715,1.9144169627140604,-843.9491530526955,3962.272814254754,1559.1618306010294,2984.8858561189168,3431.5961326639244,1
2004-01-14,-0.03772622418363727,0.0032148270478418632,1.570801119877557,408.5365642486486,4862.240326760479,2635.3884455045636,4139.671121510943,3483.7663965430247,1
2004-02-11,-0.037497694167013734,0.0032656807682172116,0.6236844163538464,910.9238919335376,5472.673505628778,3191.798698781158,1990.675108568293,0.0,0
2004-03-10,-0.03706435528179828,0.003413102342378408,1.0690282348296634,1551.183612994027,5915.4164938783415,3733.300053436184,3991.0031662143715,2169.901098886885,1
2004-04-07,-0.03683347271296693,0.003366685703185877,0.22461687552283938,1676.2062425297836,6320.4194562858365,3998.31284940781,898.0885395968033,0.0,0
2004-05-05,-0.0361886201008707,0.0034685797142272965,1.2591897326918366,3386.123965462751,8069.101971674636,5727.612968568694,7212.1514428543105,6006.6842009300035,1
2004-06-02,-0.0350917287622043,0.004291081711227535,2.1595582775357745,5290.501650174572,9278.72600941235,7284.613829793461,15731.548094782049,15884.103404766773,1
2004-06-30,-0.033738040219468114,0.004793031200760842,2.018926534336316,6311.711379837592,9819.555708619098,8065.633544228345,16283.92157867567,15671.115421678589,1
2004-07-28,-0.03246328881836048,0.004974061713940194,1.6663815308934347,7085.090747311055,10343.147668487853,8714.119207899454,14521.047306047376,13081.784092225493,1
2004-08-25,-0.03127182118857614,0.005030867559901666,1.4647499254526124,7419.696483509646,10457.233271197934,8938.46487735379,13092.615762764759,11163.385500581599,1
2004-09-22,-0.030828586460703054,0.005154975500095547,0.7712463830628217,7729.031683920009,10745.573102115815,9237.302393017912,7124.236059872612,4133.638235097813,1
2004-10-20,-0.029841849617441775,0.004878545075531957,0.9476401448380529,7970.6437415569635,10884.22220054777,9427.432971052367,8933.8139461391,6160.479748730486,1
2004-11-17,-0.029102653711414725,0.004628821670636316,0.6379090271920136,8291.0333055831,11241.0351823063,9766.0342439447,6229.841404078656,3016.9116639300564,1
2004-12-15,-0.02833540807526804,0.0048064084334422715,1.167486752674104,8456.358352345556,11234.9817321072,9845.670042226378,11494.689345499582,8962.846184924561,1
2005-01-12,-0.027336469694308748,0.005165127442439849,1.4803697440799388,8555.22699051945,11097.504592875683,9826.365791697566,14546.654612291191,12274.563880235166,1
2005-02-09,-0.025860958501568162,0.005385891077551735,1.779030415977351,8229.92283941041,10522.191345835752,9376.057092623081,16680.29074971663,14565.452293129305,1
2005-03-09,-0.02421734840583169,0.00610108914056347,1.9945007949596114,8017.496594835753,10047.982125800223,9032.739360317988,18015.805834817198,15886.862183802356,1
2005-04-06,-0.02223087196110893,0.006121846631074016,1.9565677114902738,7700.596929482433,9542.467816240382,8621.532372861408,16868.611864308754,14516.63826334488,1
2005-05-04,-0.02054173674812644,0.006282544099243537,1.6998646106586384,7527.552284113788,9236.815478618008,8382.183881365898,14248.577739967157,11547.48959344053,1
2005-06-01,-0.019351683665829036,0.006652741603900982,1.3524478385390561,7476.875605221222,9096.517532582582,8286.696568901902,11207.32486324039,8148.719321327788,1
2005-06-29,-0.018195014982730892,0.0070603607952776865,1.2988635822676704,7394.656653519608,8936.61654095463,8165.636597237119,10606.048002183394,7453.599619890694,1
2005-07-27,-0.01692821748165934,0.0073687472328331895,1.251499129970483,7437.407452856456,8901.896740783057,8169.6520968197565,10224.312491331457,6986.869872330919,1
2005-08-24,-0.015517060831405836,0.007672102011750158,1.2981108650797561,7197.285457382907,8614.77641240884,7906.0309348958735,10262.904656244995,7029.088707334564,1
2005-09-21,-0.013941880733183538,0.00724078125716251,1.0449689736327745,7035.146940481816,8418.900818033428,7727.023879257622,8074.500212343777,4643.643993090362,1
2005-10-19,-0.012676279421922882,0.006506068251662402,0.6010315080611894,7194.707904634892,8611.363375959407,7903.035640297149,4749.973429149123,1021.8545624696235,1
2005-11-16,-0.011273539359411916,0.005192189144694566,0.6469859814396887,7273.089564390593,8663.742975563875,7968.416269977234,5155.453620951204,1451.4740981402483,1
2005-12-14,-0.009987917173987183,0.004068187145897953,0.9775891670164936,6915.438781374018,8321.361831602826,7618.400306488422,7447.665609618216,3981.0270275532957,1
2006-01-11,-0.008987289462451491,0.002920911876618595,0.7892324402749198,6895.54320652722,8258.048109091465,7576.795657809343,5979.852926477283,2363.6733071997896,1
2006-02-08,-0.008205378737380477,0.0020312672183079835,1.0293690987553996,6446.148172218083,7832.675877374668,7139.412024796376,7349.090121608107,3908.8683548901663,1
2006-03-08,-0.007614480447460669,0.0019350926664103967,1.6781816229936821,5136.84210479562,6635.426280326192,5886.134192560906,9878.002232430468,6981.604290526586,1
2006-04-05,-0.007237770990682831,0.0018535887954773175,1.0152895967717128,4813.612111460255,6295.316426804488,5554.464269132372,5639.389788090292,2237.7231226745143,1
2006-05-03,-0.006951106898852969,0.001695286768752622,0.48102641910022814,4742.470056669063,6210.4708043926585,5476.4704305308605,2634.3269605065448,0.0,0
2006-05-31,-0.006805243527802816,0.0014405149069806823,-1.1473191313817137,4028.501632975573,5553.06116386965,4790.781398422611,-5496.555152677902,-2217.2871571943006,-1
2006-06-28,-0.006648154944326916,0.0012808259961830794,-0.26097451141435607,3927.3389965610863,5478.467574844337,4702.903285702711,-1227.337887215235,0.0,0
2006-07-26,-0.0063722747081409545,0.00141332432418384,1.5937467495742756,2901.4227516550654,4427.14894921731,3664.2858504361875,5839.943663643684,2901.908093850103,1
2006-08-23,-0.0064205107151487075,0.0013937766463328301,0.16905203047787798,2774.7860880221274,4381.315439482212,3578.05076375217,604.8767467652265,0.0,0
2006-09-20,-0.006574710993408301,0.0014955540728429284,-1.2071657129197033,3076.122889112146,4579.965529799496,3828.0442094558207,-4621.083717195878,-1374.931200081921,-1
2006-10-18,-0.00649189583498273,0.0013902029884845489,-0.861337894164206,3088.980335813887,4530.303817707354,3809.6420767606205,-3281.3890839163455,0.0,0
2006-11-15,-0.0064746299608891686,0.0013723446314166839,-0.8854768823275048,3375.8395067328343,4783.857540357972,4079.8485235454027,-3612.6115509974566,-82.14910648894784,-1
2006-12-13,-0.006573995768230276,0.001382696212160586,-0.5269857627129267,3682.784097921291,5208.979102215199,4445.8816000682455,-2342.9163059433313,0.0,0
2007-01-10,-0.006706919591817346,0.0014739915364883076,-1.155434835882361,3683.5823001027866,5094.254830649484,4388.918565376135,-5071.109402286422,-1732.2333403482562,-1
2007-02-07,-0.006791905636974361,0.0014688263689903503,-0.29095881625545705,3778.611485389858,5211.186174731296,4494.898830060577,-1307.8304427824644,0.0,0
2007-03-07,-0.007009168358636007,0.001276566261591089,-0.14279753770014833,3780.6040949316093,5577.506155937511,4679.05512543456,-668.1575506753138,0.0,0
2007-04-04,-0.007510209540366584,0.001760209398011668,-2.4765050095727976,3805.035852145372,5115.1002141547315,4460.068033150052,-11045.380827131597,-8513.725150974928,-1
2007-05-02,-0.007999578931743315,0.0021803991150872804,-2.062857345778201,3831.4332614265036,4947.6073797530735,4389.520320589789,-9054.95423777133,-6052.362073503909,-1
2007-05-30,-0.00815480258898357,0.0022850675512650315,-1.0157593780879988,3609.0755021062396,4709.521785999459,4159.298644052849,-4224.846603965379,-629.894766592538,-1
2007-06-27,-0.008109914724374044,0.0023155453666782863,0.7389356762483901,3340.3030863208846,4474.52320164815,3907.4131439845173,2887.326973932047,0.0,0
2007-07-25,-0.008325666461561253,0.0020252541918543403,0.6918145008089048,3178.983532972681,4311.613263724173,3745.298398348427,2591.0517418338077,0.0,0
2007-08-22,-0.008665399186291839,0.0020065626755611395,-0.9648421162413234,3438.1871902932767,4551.321745775988,3994.7544680346327,-3854.3073548030175,-237.4607510435053,-1
2007-09-19,-0.009009262702184299,0.00231319630682032,-1.6604970296097572,1978.6364703186132,3254.525185023989,2616.580827671301,-4344.824692082036,-1250.2832486763245,-1
2007-10-17,-0.009515654205912032,0.0026900357414509812,-1.768290888777379,1449.5946822500803,2630.560497052101,2040.0775896510904,-3607.4506141789398,-497.7500054687689,-1
2007-11-14,-0.010089395437609755,0.0030407072654007592,-1.663774095790432,1474.8620910665495,2546.8797385652524,2010.870914815901,-3345.634938049104,-83.58638027221969,-1
2007-12-12,-0.010865324787445717,0.0035196240754341033,-1.8537246043281137,1927.839814341039,2918.227525339453,2423.033669840246,-4491.637130898308,-1255.744010903134,-1
2008-01-09,-0.01200709949930644,0.00482298195454841,-2.3317509005292663,2145.987134323858,3001.59587647328,2573.791505398569,-6001.440660487689,-2845.1277341453488,-1
2008-02-06,-0.013781414254699285,0.006766209433819689,-2.439172382323294,2734.6480052006395,3530.1285410234227,3132.388273112031,-7640.434966488222,-4456.745889469403,-1
2008-03-05,-0.015973842228158022,0.008772981825032052,-2.247716990367278,2566.8235971595427,3291.4957718153896,2929.159684487466,-6583.921990321333,-3244.504816185354,-1
2008-04-02,-0.018238079844889846,0.011112036822721525,-2.075801806010764,1925.9036136005855,2704.391544192238,2315.1475788964117,-4805.78752545462,-1459.9346977483328,-1
2008-04-30,-0.019732614704571723,0.011572617598248845,-1.0536742989042707,1235.4523208175287,2288.9287628466445,1762.1905418320866,-1856.7748837006607,0.0,0
2008-05-28,-0.020724748406526064,0.011261583889653625,-0.2352130152011333,889.7187549358628,2301.202132656167,1595.460443796015,-375.27306161939896,0.0,0
2008-06-25,-0.0219574533801213,0.01040745695310926,-0.04483198169185858,810.1620926365704,2337.704382984016,1573.9332378102931,-70.56254610171875,0.0,0
2008-07-23,-0.02301295860923806,0.009403149287594418,0.25170549935119246,882.4720645100945,2667.3242850507368,1774.8981747804157,446.75163138062464,0.0,0
2008-08-20,-0.023725114601501084,0.008709839701789597,0.4438280691591157,1039.4481431136553,2856.4170205300325,1947.9325818218438,864.5471566421201,0.0,0
2008-09-17,-0.024852885392989778,0.008113136048818281,-0.32767270004231436,1007.0980451812891,2812.036427517999,1909.5672363496442,-625.7130522470281,0.0,0
2008-10-15,-0.026219024906821993,0.007665997030185992,-0.7583108430790859,-312.8437250159428,1947.6187052806508,817.387490132354,-619.8337967645633,0.0,0
2008-11-12,-0.027167374728499505,0.006907381941197054,-0.04482427272869671,-416.681421351867,1974.2470121184847,778.7827953833088,-34.90837241667824,0.0,0
2008-12-10,-0.028841729980395428,0.006977532834770521,-1.4782627430880886,-1691.902641558264,624.4320419366196,-533.7352998108221,789.0010083812892,0.0,0
2009-01-07,-0.0292374123202776,0.006777174796719917,0.12401183560368975,-1646.5332059565817,820.415907776615,-413.0586490899833,-51.22416128562919,0.0,0
2009-02-04,-0.02931694292482007,0.006796536188479619,-0.29460894746851174,-2118.157251211635,551.6325590821324,-783.2623460647513,230.75609536585358,0.0,0
2009-03-04,-0.02913066172795413,0.0066385667343135816,-0.6237348227369621,-2661.7612008271963,31.610493358867416,-1315.0753537341645,820.2582926471268,0.0,0
2009-04-01,-0.028868376099531152,0.006168199922524457,-1.463372911756924,-3425.9539048289307,-973.4608011699365,-2199.7073529994336,3218.9921541718973,859.6019874083622,1
2009-04-29,-0.029064300389401068,0.006312198120828189,-0.8569280802440868,-4271.459692302507,-1790.45038064356,-3030.955036473034,2597.310480710983,0.0,0
2009-05-27,-0.030025289005989844,0.006324597062908279,-0.9235659538016904,-5273.717923753886,-2764.433102914735,-4019.0755133343105,3711.881309873621,716.7801704866733,1
2009-06-24,-0.031300140288200405,0.006335039308359106,-1.214983255128759,-6698.380103661643,-4208.65365756035,-5453.516880610997,6625.931691504385,3984.5735085903825,1
2009-07-22,-0.031943045917620726,0.0055376307903009835,0.5307573986286968,-5928.692538877369,-3138.6858007623505,-4533.68916981986,-2406.2890699646846,0.0,0
2009-08-19,-0.03319159458904604,0.004271099103890588,-0.6787436519121619,-6834.604887201374,-3967.145913532384,-5400.875400366879,3665.809892767575,485.09852666961615,1
2009-09-16,-0.03352494112210762,0.003947692596404312,0.42558977513109963,-6083.974522069208,-2856.6574520612585,-4470.3159870652335,-1902.5207757000524,0.0,0
2009-10-14,-0.033392129342665215,0.0040302758272908945,0.7658157976911945,-4378.119099656991,-880.4294733405245,-2629.274286498758,-2013.5397850639927,0.0,0
2009-11-11,-0.03377727738948652,0.0036380521723225114,0.3555088324945169,-3767.7524753398384,-71.68622724518013,-1919.7193512925094,-682.4771852951314,0.0,0
2009-12-09,-0.033603841332688,0.0034066294333177627,-0.9680673528467365,-4984.279266071164,-1444.0181944151366,-3214.14873024315,3111.5124529421855,671.2718811082323,1
2010-01-06,-0.034397416075910715,0.003292300970089357,-1.3109427293327762,-6769.945517129455,-3496.7362894710814,-5133.340903300268,6729.5159343680325,4721.164699813726,1
2010-02-03,-0.03470034409335991,0.0031641536693190293,-0.17602919751339513,-7172.745158314239,-3715.2636623285925,-5444.004410321416,958.3037276082628,0.0,0
2010-03-03,-0.03494781292971805,0.0031688809812389805,-0.4861807449594044,-7922.444142966349,-4413.619086208404,-6168.031614587377,2998.7782053132487,0.0,0
2010-03-31,-0.03493774320258134,0.003158928503746707,-0.8946397874292212,-9202.007056746967,-5797.617547516579,-7499.812302131772,6709.630483738227,4078.6354833241458,1
2010-04-28,-0.034864931203914734,0.0031813525998824134,0.42060316716461593,-8161.963794271313,-4394.121784167896,-6278.042789219605,-2640.564680740745,0.0,0
2010-05-26,-0.03459294942267239,0.003239207613759625,0.6983933491657501,-6414.64159045454,-2523.13119531585,-4468.886392885195,-3121.0405349683397,-326.09687020930596,-1
2010-06-23,-0.034120323823031304,0.002981004127736195,0.4251418634863311,-5633.148945085365,-1672.7453714278429,-3652.947158256604,-1553.02076207831,0.0,0
2010-07-21,-0.03463087293013684,0.002572011544051572,-0.3927559615219599,-6144.848190453095,-2197.1468743527485,-4170.997532402922,1638.1841463446317,0.0,0
2010-08-18,-0.034634085325136926,0.0025740119163355285,-0.5820687126020154,-6534.613396010264,-2719.3196826817866,-4626.9665393460255,2693.212456809744,0.0,0
2010-09-15,-0.034938381685659214,0.0024475124727891527,-0.3523228291723903,-6855.230868916292,-3077.920134157016,-4966.575501536654,1749.837931999677,0.0,0
2010-10-13,-0.03548929503815915,0.0020990678053712506,-0.9424464442505086,-6555.240490258265,-3148.204745792317,-4851.722618025291,4572.488729847704,2024.1169374047086,1
2010-11-10,-0.03627447091703282,0.0027032960509803783,-2.3736701776143945,-4489.293251181118,-2221.1935597995794,-3355.243405490349,7964.241210249802,6502.255355048032,1
2010-12-08,-0.03699851420862181,0.003886755196511874,-2.3967901710725417,-4325.9959645761855,-2563.4001571374174,-3444.6980608568015,8256.218454574226,6214.658454149527,1
2011-01-05,-0.037238232367096995,0.004092018989823248,-1.1220714761891495,-4826.6117103323395,-3105.323961324567,-3965.967835828453,4450.099384066719,1261.9571729582894,1
2011-02-02,-0.037620019702829924,0.00412321520880908,-0.630707604279647,-5184.784033596436,-3437.1524073497967,-4310.968220473116,2718.960438460292,0.0,0
2011-03-02,-0.03801960378828687,0.0042540470873009125,-0.8611684575504537,-5628.789219931416,-3891.3553668345835,-4760.072293382999,4099.224114721288,693.4895765588044,1
2011-03-30,-0.03814828139246648,0.004270932462490444,-0.3016610074874954,-5992.09390116737,-4115.041618001546,-5053.567759584458,1524.4643417625728,0.0,0
2011-04-27,-0.03838949157146705,0.004072096470811841,0.42408499707733127,-5545.454675099562,-3474.4545409796674,-4509.954608039615,-1912.6040867693769,0.0,0
2011-05-25,-0.03888403588829751,0.0036427146001656065,0.03410956236877828,-5563.234670124041,-3387.7730876941414,-4475.503878909091,-152.65747868935878,0.0,0
2011-06-22,-0.03940352070877788,0.0031605923001710927,-0.06415130814599058,-5626.4082303088635,-3414.0442973725367,-4520.2262638407,289.9784279412445,0.0,0
2011-07-20,-0.04000032548896618,0.0031232132685450257,-1.0883606588389185,-5673.5846757550935,-3630.235322481358,-4651.909999118226,5062.955831499665,2021.060201837051,1
2011-08-17,-0.04064863894386247,0.0031281324897797706,-1.2505138801090965,-5071.733030298036,-3203.7927433867017,-4137.762886842369,5174.3299225966675,2188.426396749309,1
2011-09-14,-0.041148171338223835,0.002789643444386525,-0.4109650626813291,-5107.839341409834,-3264.751888413761,-4186.295614911797,1720.4212397847998,0.0,0
2011-10-12,-0.04123333849460508,0.0026827644859640618,0.99099695406975,-4015.41108403061,-2166.944527342144,-3091.177805686377,-3063.347789923213,0.0,0
2011-11-09,-0.040495108841732685,0.0034568991867449787,2.140904259789759,-2017.2230953344742,-479.7773375397504,-1248.5002164371124,-2672.91943171865,-164.83536390170502,-1
2011-12-07,-0.0394915618366701,0.0035198970856131035,1.7680693185417646,-1199.4526896085597,181.0976659638572,-509.1775118223513,-900.2611363445359,0.0,0
2012-01-04,-0.03884302675287111,0.003817314635943018,1.4261891423343689,-715.7002159019248,580.6488194980436,-67.52569820194061,-96.30441760415512,0.0,0
2012-02-01,-0.03827800147324208,0.0041274420801017935,1.3089868045292672,-396.5411573860533,828.025703069494,215.74227284172036,282.4037883289648,0.0,0
2012-02-29,-0.03769830261455142,0.004138555615968588,0.8581092415485551,-172.5139352163303,1030.1207306320996,428.80339770788464,367.9601583805563,0.0,0
2012-03-28,-0.037229184095191256,0.004268685824143442,0.9115380763918693,109.85697114671143,1291.065190050205,700.4610805984582,638.4969459960888,0.0,0
2012-04-25,-0.03706446713882053,0.004333198030091075,0.5869131764657364,226.466816179886,1394.5139350908626,810.4903756353743,475.68748085906543,0.0,0
2012-05-23,-0.036758771531521364,0.004343797337988928,0.45421776971584776,321.5462736575753,1483.041011389956,902.2936425237657,409.83780593593326,0.0,0
2012-06-20,-0.036044821569472744,0.0045924081312765505,1.2455108677731546,632.5494173653277,1716.5904286729665,1174.5699230191472,1462.9396040798254,0.0,0
2012-07-18,-0.034911799500713145,0.004441164107005321,1.4053924386915624,687.8331182935829,1674.6625365464222,1181.2478274200025,1660.1167648769072,0.0,0
2012-08-15,-0.03379380894654785,0.003549748969452661,1.061279020562776,836.7969063181267,1775.5159104076847,1306.1564083629057,1386.1963937691778,0.0,0
2012-09-12,-0.03302259485075539,0.0024755200249370665,0.3044858281329231,883.6994986472537,1820.9210462471096,1352.3102724471817,411.75931319873894,0.0,0
2012-10-10,-0.032584946369388045,0.0018312359417754047,-0.16401514764583977,827.0819204943418,1779.8199313656673,1303.4509259300046,-213.78569606551625,0.0,0
2012-11-07,-0.032508399131094205,0.0018289708326135353,0.22378409455695977,878.8415080838322,1837.3483742860235,1358.0949411849278,303.9200467354566,0.0,0
2012-12-05,-0.032352775197866925,0.0018449405191258413,0.6004239828682876,973.3771936991725,1910.0699013512617,1441.723547525217,865.6453946000877,0.0,0
2013-01-02,-0.03219496604062279,0.001835726713679525,0.46176318744216477,1134.2151196940958,2074.78761237117,1604.5013660326329,740.899665034536,0.0,0
2013-01-30,-0.0322068541452455,0.0018409920879942805,-0.4470010893291,853.6429381755249,1828.9226263499506,1341.2827822627378,-599.5548647698098,0.0,0
2013-02-27,-0.03224025617823233,0.001882595060501161,-1.243464456875497,85.03750358294354,1009.9523514119478,547.4949274974457,-680.7904826627009,0.0,0
2013-03-27,-0.03235404695223478,0.001995787034962899,-1.2342737461330413,-372.0117854712318,486.71965699178014,57.353935760274155,-70.79045714630738,0.0,0
2013-04-24,-0.03240480279144721,0.0020627617490548613,-1.3459039747615813,-734.7376926161078,49.29160357331358,-342.7230445213971,461.2723078637388,0.0,0
2013-05-22,-0.032239152748952,0.001938341098153139,-0.20282203764197398,-845.9510464076459,-22.32171392959009,-434.136380168618,88.05242524030977,0.0,0
2013-06-19,-0.03258468553773341,0.0019688018652121476,-1.1337697757119731,-1382.7429295116117,-579.752291037486,-981.2476102745488,1112.508883018885,0.0,0
2013-07-17,-0.03311206120782322,0.001737513978628723,-1.3893664044010088,-1905.018715047824,-1155.6650789213484,-1530.3418969845861,2126.2056189176933,0.0,0
2013-08-14,-0.03360291694058821,0.0016940026704808286,-1.6556894928411714,-2314.544538404862,-1644.9673880207038,-1979.755963212783,3277.8611466810576,0.0,0
2013-09-11,-0.03406282290979034,0.0020712210021120885,-2.0204453177487074,-2870.668509081252,-2276.735815392966,-2573.702162237109,5200.024482971691,1646.1825941357238,1
2013-10-09,-0.03418504937139111,0.0020426282746897153,-0.14157810099613982,-2970.334626273917,-2300.3141102197533,-2635.324368246835,373.1042195652388,0.0,0
2013-11-06,-0.03457867210041639,0.0020994139386721353,-1.2563162879290173,-2916.416750106769,-2290.84181710243,-2603.6292836045996,3270.981876721417,0.0,0
2013-12-04,-0.03520136899480998,0.002225001942100256,-1.860096936193386,-2792.0294467679428,-2244.955538098818,-2518.4924924333804,4684.640169001375,1039.5992658486102,1
2014-01-01,-0.035983625620096556,0.002524566349851425,-2.191665721519211,-2825.9309729106817,-2358.139680799127,-2592.0353268549043,5680.874974834738,2039.6498908616213,1
2014-01-29,-0.03639210634375529,0.0024348086731780464,-0.8000311068758323,-3036.2480221341802,-2538.2978752127046,-2787.2729486734424,2229.905062292279,0.0,0
2014-02-26,-0.03642067951386469,0.002413875726003951,0.6081639017174455,-2810.5186195734136,-2204.2920075679463,-2507.40531357068,-1524.9133986881995,0.0,0
2014-03-26,-0.03648369931580669,0.0023789721032750743,0.3560560449752529,-2662.510583598054,-1899.8037155636955,-2281.157149580875,-812.2197926467877,0.0,0
2014-04-23,-0.03612837645163224,0.002881606442266366,1.9317320976821974,-1264.8947832496617,-420.65661371374654,-842.7756984817041,-1628.0168679036415,0.0,0
2014-05-21,-0.035882070896505594,0.003310294139731983,1.9489966150106999,-354.6053025545893,469.4205791253775,57.407638285394114,111.88729269399178,0.0,0
2014-06-18,-0.03558369120757123,0.003578280958240573,1.298325545438986,260.4472693208807,1134.6558891751176,697.5515792479991,905.6490345989845,0.0,0
2014-07-16,-0.03497643658699961,0.00420401218246537,1.7470553316085948,1004.1856630818962,1868.566694372365,1436.3761787271305,2509.428661240813,0.0,0
2014-08-13,-0.03419019544771776,0.004824093174103272,1.6591037126726562,1486.3984927387535,2316.731254100204,1901.5648734194785,3154.8933413781665,0.0,0
2014-09-10,-0.0333344877252986,0.005026763761736399,1.235601417853722,2021.5369013301904,2897.533375880147,2459.535138605169,3039.0051045215973,0.0,0
2014-10-08,-0.03239958095546683,0.00585852311208481,1.7204213360405218,2426.966203070004,3251.979762878777,2839.4729829743906,4885.089903019767,1440.9292145824902,1
2014-11-05,-0.03136764743918485,0.006115272259070801,1.2373256338590015,2828.126040696436,3661.934977799285,3245.0305092478607,4015.1594317469076,377.159863709795,1
2014-12-03,-0.029985129857266056,0.006193793840263376,1.3913556624785737,3242.1914166858874,4064.9615412359476,3653.5764789609175,5083.424322300802,1501.9611043101113,1
2014-12-31,-0.028312060851412038,0.005740267104975383,1.4886636145103367,3677.2213727751137,4482.055243172818,4079.638307973966,6073.209109443359,2518.4264048904997,1
2015-01-28,-0.026489026191243603,0.006045331277930986,1.959933576361366,3749.8657834263818,4475.141568001685,4112.503675714033,8060.234036941468,4617.1340642508,1
2015-02-25,-0.024901944284141837,0.006339333037053188,1.6691600804911075,4037.02904219019,4724.807610136228,4380.918326163209,7312.45398592355,3732.6140969938288,1
2015-03-25,-0.02337986795934185,0.005907892434125833,1.2746014501951173,4269.54158216736,4944.67100805388,4607.10629511062,5872.22436495105,2148.6386837570735,1
2015-04-22,-0.022252465310305027,0.005820920614353676,1.0903455611325052,4497.183709388363,5172.072609158839,4834.628159273601,5271.415353190186,1485.5002574052014,1
2015-05-20,-0.021425314023273637,0.00546933058654215,0.5024311271227929,4671.383774511817,5419.402699846426,5045.393237179122,2534.9626109336227,0.0,0
2015-06-17,-0.020800086823876646,0.004702027358753902,-0.427449068527899,4220.393074841255,5181.907506975989,4701.150290908622,-2009.502312858552,0.0,0
2015-07-15,-0.020319904092385082,0.004242506479387408,-0.2520950982389658,3947.241203305823,5058.631710711208,4502.936457008515,-1135.1682084933823,0.0,0
2015-08-12,-0.02000618064100965,0.003910320989206027,-0.537536189278579,3400.2952215242503,4650.9890292042555,4025.642125364253,-2163.9283274676204,0.0,0
2015-09-09,-0.019353203315806016,0.003280883534065094,0.21899504871530182,3529.0225887125735,4882.182016849215,4205.602302780894,921.0060811746874,0.0,0
2015-10-07,-0.019068873815603325,0.0031602520977803044,0.1407180530949027,3605.2867540615953,5068.023090143279,4336.654922102437,610.2456375826819,0.0,0
2015-11-04,-0.018622234170244025,0.002828620196153128,0.22183439323476287,3804.2691302637622,5430.462950005979,4617.366040134871,1024.2905938561187,0.0,0
2015-12-02,-0.018216593161560247,0.0027798403063769186,0.7635570087207902,4571.264742629723,6235.259491814453,5403.262117222088,4125.698659560461,607.1299323216044,1
2015-12-30,-0.01775872285321063,0.0029858129659098924,1.3210146891732886,5453.825125455947,6991.396677650893,6222.61090155342,8220.160405961908,5081.891555168002,1
2016-01-27,-0.017673953821296433,0.0030953500882189193,1.3359951795182718,5881.755762185961,7285.291080426141,6583.523421306051,8795.555555110524,5579.267610990633,1
2016-02-24,-0.017723553977140486,0.0030418411685270157,0.9067433690987894,5953.519139552897,7295.318639827116,6624.418889690007,6006.647902359178,2461.135648279883,1
2016-03-23,-0.01779513338532104,0.0030047936343434345,0.33777407278996474,6144.260372398792,7516.950006694089,6830.605189546441,2307.2013344933703,0.0,0
2016-04-20,-0.017744199265365947,0.003044836392015259,0.821289601832181,6372.5544616888,7694.4728298636055,7033.513645776203,5776.55162162075,2165.5443729010613,1
2016-05-18,-0.01752586434365063,0.0030739720409221714,0.5487578323495695,6735.012943618842,8075.451533373998,7405.23223849642,4063.679191242446,277.6211248521686,1
2016-06-15,-0.016912589266952563,0.002705064114856192,0.7671541735597968,6771.261400920817,8056.990720876258,7414.126060898538,5687.777750916769,2027.1079040066224,1
2016-07-13,-0.01650018889267367,0.0023511984971870347,0.20073786997492385,6882.013620211293,8195.97867580466,7538.9961480079755,1513.3620285002767,0.0,0
2016-08-10,-0.015754575032773,0.001922436233063217,1.737085199313545,5456.379076944037,6604.028350264485,6030.203713604261,10474.977619747537,7317.91374924533,1
2016-09-07,-0.01540694011595693,0.0017599633387082698,0.733815267470016,5606.186816576246,6719.364860640231,6162.775838608239,4522.339000366057,776.9263685931837,1
2016-10-05,-0.015046562584091063,0.001507891275617044,0.7343375634159316,5874.519082683229,6963.209941467724,6418.864512075476,4713.613325694498,959.5004681248456,1
2016-11-02,-0.014815970494553299,0.0012214825880525512,-0.14824711262016865,5671.11722744656,6866.60858231234,6268.86290487945,-929.3408250600614,0.0,0
2016-11-30,-0.01491011320681136,0.0013667221310100983,-1.7617104533644585,1553.5331275212052,3002.4798491823562,2278.0064883517807,-4013.187843361394,-1135.653982474546,-1
2016-12-28,-0.0150600577168049,0.0013432216775525513,-0.5238457590356833,705.8651168794787,2327.309236134043,1516.587176506761,-794.457760620968,0.0,0
2017-01-25,-0.015071985324014355,0.0013292005897670705,1.0369732126123214,1852.2432078634506,3472.4649434225425,2662.3540756429966,2760.7898589310257,0.0,0
2017-02-22,-0.014921084711582286,0.0014483267472098357,1.3238780607802212,2957.8516583178166,4479.029686819435,3718.4406725686254,4922.762026726453,1775.8429821174004,1
2017-03-22,-0.014665304667958469,0.0013848668243712703,0.8739130811816666,3591.2434115579194,5095.5810393023,4343.41222543011,3795.764760767747,299.2487726213976,1
2017-04-19,-0.014647999859776254,0.001378430298405923,-0.2688162264040918,3347.969263725876,4901.5872191121725,4124.778241419024,-1108.807321611968,0.0,0
2017-05-17,-0.014703886003369223,0.0014439135925660026,-1.28929596805169,1730.4288747067612,3266.923062035443,2498.675968371102,-3221.532851488514,-58.18457797122301,-1
2017-06-14,-0.014869946645600464,0.0015784201014155854,-1.3470620039573449,393.39091031943383,1875.762633702926,1134.5767720111799,-1528.3452601488355,0.0,0
2017-07-12,-0.014773994199091086,0.0015395775448483625,-0.004441679972532764,375.65862651037753,1888.2090225452293,1131.9338245278034,-5.02768779863756,0.0,0
2017-08-09,-0.01498873066835754,0.0013683075328631918,-0.15930843948876702,269.38824878961236,1805.2396249389706,1037.3139368642915,-165.25286454179968,0.0,0
2017-09-06,-0.015107415423453924,0.001353078191674793,-0.4071742076800801,84.26460059096951,1614.7128143852633,849.4887074881165,-345.8898914046492,0.0,0
2017-10-04,-0.01526603952293734,0.0013253089424627976,-0.5548405550172338,-378.8343785114615,1159.3115550828993,390.23858828571895,-216.5201949135901,0.0,0
2017-11-01,-0.015172029321426854,0.0013878496003181682,1.0066726101985128,545.4455118355534,2017.5577923730632,1281.5016521043083,1290.0526130975506,0.0,0
2017-11-29,-0.014712939700460571,0.0015910946275252357,2.113779308272178,1705.0293986016666,2848.466458601227,2276.747928601447,4812.542661629281,1867.1833066524478,1
2017-12-27,-0.014196381880385363,0.0021964469850048627,2.343755565452934,2130.374014315311,3043.2679902489117,2586.8210022821113,6062.876120929235,2978.830135464498,1
2018-01-24,-0.013683111644903823,0.002967873609105142,2.2446996285448666,2802.473378543122,3599.0033817889366,3200.7383801660294,7184.696253027984,3924.83540038719,1
2018-02-21,-0.0129988442132432,0.003987790736972956,2.2294660640768704,3228.2513543609266,3935.280363599146,3581.7658589800362,7985.425432065133,4619.7278694262295,1
2018-03-21,-0.0124858101163432,0.0043378587727173025,1.3140589033115535,3581.0618177491065,4286.818328136275,3933.9400729426907,5169.428977944445,1479.285637120467,1
2018-04-18,-0.011655130055126238,0.004819643998999379,1.5427335632124766,3796.156453073182,4465.956177939611,4131.0563155063965,6373.119229452588,2735.9343336973943,1
2018-05-16,-0.010531837737563885,0.005261300148073817,1.6287076669693659,4091.7655210731855,4730.200297546261,4410.982909309723,7184.201683263585,3550.267337068217,1
2018-06-13,-0.009388447845130177,0.0053537192225684375,1.3553830065797259,4361.553014775072,4987.216275551538,4674.384645163305,6335.5815142715455,2605.7420361742325,1
2018-07-11,-0.008334179191770793,0.005549237128186013,1.3080787517143693,4537.083775683877,5141.721053623236,4839.402414653557,6330.319469603529,2571.92990364082,1
2018-08-08,-0.007147183140420384,0.005606741794281764,1.3147418718898358,4732.916148845217,5318.497335083273,5025.706741964245,6607.50708949944,2838.6049881223316,1
2018-09-05,-0.005999507631013914,0.0052339742562268424,1.0051511588848179,4879.574516517563,5456.930037514709,5168.252277016136,5194.874765651868,1331.193397315128,1
2018-10-03,-0.004914038174930631,0.0043804979000813616,0.6902791647987018,5096.669502187162,5713.169017481709,5404.919259834435,3730.9031524829315,0.0,0
2018-10-31,-0.003941617942799938,0.003579454299255752,0.7845223277110202,5266.391818755226,5886.909757336807,5576.650788046017,4375.007057069356,464.5659920044345,1
2018-11-28,-0.0033231650537908146,0.0028032251302912065,0.004757310239056807,5240.589197039047,5916.741925355897,5578.665561197472,26.539442794558322,0.0,0
2018-12-26,-0.002982115491006368,0.002267050859787826,-0.72018112024471,4893.509308561956,5609.40218257762,5251.455745569788,-3781.9992817599687,0.0,0
2019-01-23,-0.0028574129310511534,0.002061645729496133,-1.2332771873128046,4197.170233622311,4941.806246019939,4569.488239821125,-5635.445603865535,-1940.7707534901656,-1
2019-02-20,-0.0030312823379673843,0.002261542257143396,-1.4756390405372448,3477.084676994475,4216.5365068362225,3846.8105919153486,-5676.503890982476,-2068.2397314919153,-1
2019-03-20,-0.0030581052871374993,0.0023113014434940197,-1.7635956738978467,2891.234184814344,3582.437737465477,3236.8359611399105,-5708.469898183324,-2164.1255419563504,-1
2019-04-17,-0.003431781828760261,0.002845667950175951,-1.9839688981003047,2347.12613729381,2981.9862364796923,2664.556186886751,-5286.396602024058,-1762.3217938927355,-1
2019-05-15,-0.003916867732104568,0.0031004547395860615,-1.4036543749454824,2416.542272369675,3014.404318471896,2715.4732954207857,-3811.5859711650123,-77.3356556314784,-1
2019-06-12,-0.004626932124820523,0.0036635370364766716,-1.8386637564409047,2564.7405698649604,3108.1176612916775,2836.429115578319,-5215.239412527585,-1560.9371407247208,-1
2019-07-10,-0.005491975293642785,0.004061131834345414,-1.681532684918002,2576.8230762703297,3079.16538471274,2827.994230491535,-4755.364731331049,-1023.8710828164312,-1
2019-08-07,-0.0064339162916555,0.004044876284476248,-1.3812737963224613,2803.169207403269,3292.6265659000237,3047.8978866516463,-4209.981484698526,-394.1726427067606,-1
2019-09-04,-0.007305381856385207,0.0039344751706193145,-1.2103883289078126,3101.6115714796597,3602.7558069983725,3352.183689239016,-4057.4440138100385,-206.88742684952376,-1
2019-10-02,-0.008180055184288776,0.003894030812296272,-1.3048098657754137,3311.5254897086456,3800.1044158765612,3555.8149527926034,-4639.662431275526,-804.5675789662982,-1
2019-10-30,-0.009067692602340437,0.0034429721985043955,-1.0470749539917208,3149.7692306303843,3633.7827947551687,3391.7760126927765,-3551.4437124405113,0.0,0
2019-11-27,-0.009516343683664084,0.002978877364037773,0.1255675674320377,3150.289015656332,3633.0436784426133,3391.6663470494727,425.88329274010766,0.0,0
2019-12-25,-0.009808179073366528,0.0026232803051471527,0.5334985688066303,3118.722767217589,3597.2739309615285,3357.998349089559,1791.487313294307,0.0,0
2020-01-22,-0.010074950961789576,0.0022932110860644918,0.526302546706088,3020.131958175874,3504.6541998452844,3262.393079010579,1717.0057858395835,0.0,0
2020-02-19,-0.010399550929413078,0.002005447298622786,-0.09411916945159592,3029.3953687430567,3517.051121730048,3273.2232452365524,-308.0730532713218,0.0,0
2020-03-18,-0.010639237437638616,0.001752984517764509,0.22191086846864794,2921.199076493495,3449.98105891603,3185.5900677047625,706.9170585094629,0.0,0
2020-04-15,-0.010811226903615431,0.0016957379593875847,-0.29611573388067347,2845.098497149865,3383.909575626249,3114.504036388057,-922.2536484093692,0.0,0
2020-05-13,-0.011404909286729355,0.002046260480870733,-2.2391070580843064,1655.8895177644533,2152.208863428432,1904.0491905964427,-4263.369981604205,-665.1799027280504,-1
2020-06-10,-0.011798415839141199,0.0024828249044994677,-1.8849956869292006,1196.847357995892,1654.5481713023107,1425.6977646491014,-2687.4341372281588,0.0,0
2020-07-08,-0.01248152755131003,0.0036061167738327135,-2.4180653219592276,762.1505039507836,1162.1143406485164,962.13242229965,-2326.4990454954145,0.0,0
2020-08-05,-0.012968760018366986,0.003950196438709057,-1.3635423072535522,693.1717660594362,1074.6610223976668,883.9163942285514,-1205.2573996056394,0.0,0
2020-09-02,-0.013354187783503215,0.0040966729133805465,-0.9090298213423064,627.9075221095851,1003.2625411584321,815.5850316340086,-741.3911155957221,0.0,0
2020-09-30,-0.013775182924274331,0.004359108827601435,-1.137567128436456,552.3267753966808,915.7239299725026,734.0253526845917,-835.0031126529677,0.0,0
2020-10-28,-0.014351308814814539,0.0046840855065438496,-1.240598685223417,407.4038831176857,761.7217269159131,584.5628050167994,-725.207847334354,0.0,0
2020-11-25,-0.015221312699765985,0.004686299906907847,-1.116239081556754,257.0859102667822,607.6900206318403,432.38796544931125,-482.64834542933266,0.0,0
2020-12-23,-0.016133122673020847,0.004394380738716438,-0.9396249459918943,175.9568821457233,520.2381818259918,348.09753198585753,-327.08112469212307,0.0,0
2021-01-20,-0.017126224336127448,0.004061944454417003,-1.1452951815376946,88.5644120246026,420.54829146237967,254.55635174349112,-291.5421630816349,0.0,0
2021-02-17,-0.018139637394815764,0.003936365071002182,-1.4284839516267573,-4.280305401469349,307.41032430831547,151.56500945342307,-216.50818363237263,0.0,0
2021-03-17,-0.019468624353659772,0.003967156400537714,-2.0312880105028057,-203.06569194645584,77.10286310710006,-62.98141441967788,127.93339199520021,0.0,0
2021-04-14,-0.02102196061571879,0.004433777658819543,-2.3647492481092955,-447.1309745494702,-196.4464149050478,-321.788694727259,760.9495739063573,0.0,0
2021-05-12,-0.021931915227274272,0.00452716921614398,-1.299752674163304,-583.1184266461357,-332.2870385045879,-457.70273257536184,594.9003506366781,0.0,0
2021-06-09,-0.02286311547243404,0.004556890276089075,-1.2554653378830287,-712.6389039076944,-461.9587585832053,-587.2988312454498,737.3333256078765,0.0,0
2021-07-07,-0.023296809050689368,0.00465283930614619,-0.7613761625080775,-850.4739269241293,-579.4011735200515,-714.9375502220904,544.3364084210211,0.0,0
2021-08-04,-0.0236221133158677,0.00442057800382792,0.2348421141175077,-823.3361678610543,-536.5562687599345,-679.9462183104944,-159.6800073942409,0.0,0
2021-09-01,-0.02406405694464446,0.003976743888825165,0.31196480718341424,-769.9299882643628,-455.9638076299685,-612.9468979471657,-191.21786083175942,0.0,0
2021-09-29,-0.02435657552732801,0.0036808561714690856,0.49441543810299726,-610.9893431178514,-226.62919087689502,-418.8092669973732,-207.06576722410142,0.0,0
2021-10-27,-0.02443719321063492,0.0035917383958171682,0.8983906499693952,-40.14629658127666,503.5810669085084,231.71738516361586,208.17273226634956,0.0,0
2021-11-24,-0.02389037171723422,0.004637772405865776,2.2740890247981174,1284.6382594627196,1832.1965471449369,1558.4174033038282,3543.9799129076173,12.731905289153474,1
2021-12-22,-0.023294172471944576,0.00555126868665035,1.942361437005332,2009.7124886119605,2546.7798036563686,2278.2461461341645,4425.177458257015,792.9207253199866,1
2022-01-19,-0.02249933574907698,0.006452906541578051,1.7130053453722374,2908.238271582076,3512.487326896813,3210.3627992394445,5499.368635681348,1863.063412680328,1
2022-02-16,-0.021327207094007712,0.007502808281563797,1.706322140055186,3874.094136626974,4551.537679797762,4212.815908212368,7188.421056159461,3612.54336048818,1
2022-03-16,-0.0196856448005007,0.008323006913989097,1.6218769454032058,5087.344631098638,5910.412886282964,5498.878758690801,8918.50468428801,5432.116244230205,1
2022-04-13,-0.017302645453503355,0.009058759782527596,1.8517881439055204,6284.455080907921,7159.338056395214,6721.896568651568,12447.528370388172,9103.731177198095,1
2022-05-11,-0.015090253671760754,0.009761938994161435,1.6426276912463746,7477.073876108161,8446.50847149237,7961.791173800266,13078.258654005294,9720.622555774304,1
2022-06-08,-0.012770191106589677,0.009871137875790506,1.4534161483449692,8259.29330924058,9253.824086149489,8756.558697695034,12726.923815160557,9295.811206907141,1
2022-07-06,-0.010893196925524816,0.009274854593286084,0.9115777727791626,8681.123534771265,9707.613323599093,9194.368429185179,8381.381894787673,4695.398378681632,1
2022-08-03,-0.009827855082178054,0.008590238040117075,0.12727512424599222,8721.820562346466,9823.224257648022,9272.522409997244,1180.1614418061463,0.0,0
2022-08-31,-0.008682634534261748,0.007654799730785029,0.09759221394389551,8749.512848956403,9884.805694575274,9317.159271765839,909.2822009995215,0.0,0
2022-09-28,-0.0075057608097603085,0.006424560500684499,0.04177963886142997,8730.911267771873,9977.446950078647,9354.17910892526,390.81422501603015,0.0,0
2022-10-26,-0.005988202918600754,0.005113930266795134,0.8811317812126066,8890.424820042916,10101.91860327843,9496.171711660672,8367.378694996336,4747.275378725335,1
2022-11-23,-0.005532939370612916,0.004646640423883083,-0.4072402257257375,8689.673476687683,9917.2622580571,9303.467867372392,-3788.7463543408785,0.0,0
