date,1,-1,0,pnl_no_fees,signal,pnl,pnl_pct,pnl_no_fees_pct,long_pnl_pct,short_pnl_pct,same_sig
2001-08-29,-1517.438418202435,-6790.253889489872,0,2636.4077356437183,1,-1517.438418202435,-0.07587192091012175,0.1318203867821859,-0.07587192091012175,-0.33951269447449356,False
2001-09-26,-4622.772383276853,-3684.9199244154534,0,-468.92622943069966,1,-468.92622943069966,-0.023446311471534986,-0.023446311471534986,-0.23113861916384268,-0.18424599622077267,True
2001-10-24,2638.7176127530665,-10946.409920445374,0,6792.56376659922,1,6792.56376659922,0.339628188329961,0.339628188329961,0.13193588063765332,-0.5473204960222686,True
2001-11-21,11966.63644678051,-20274.328754472815,0,16120.482600626663,1,16120.482600626663,0.8060241300313332,0.8060241300313332,0.5983318223390256,-1.0137164377236407,True
2001-12-19,16506.44054207286,-24814.132849765174,0,20660.286695919018,1,20660.286695919018,1.0330143347959508,1.0330143347959508,0.825322027103643,-1.2407066424882587,True
2002-01-16,16138.04233773955,-24445.73464543186,0,20291.888491585705,1,20291.888491585705,1.0145944245792853,1.0145944245792853,0.8069021168869774,-1.2222867322715931,True
2002-02-13,18334.266052805306,-26641.958360497614,0,22488.112206651458,1,22488.112206651458,1.1244056103325728,1.1244056103325728,0.9167133026402653,-1.3320979180248809,True
2002-03-13,22424.34824396609,-30732.040551658403,0,26578.19439781225,1,26578.19439781225,1.3289097198906126,1.3289097198906126,1.1212174121983047,-1.5366020275829202,True
2002-04-10,21848.384989240498,-30156.077296932814,0,26002.231143086654,1,26002.231143086654,1.3001115571543327,1.3001115571543327,1.0924192494620248,-1.5078038648466408,True
2002-05-08,21167.135227799266,-29474.82753549158,0,25320.981381645426,0,0.0,0.0,1.2660490690822712,1.0583567613899634,-1.4737413767745788,False
2002-06-05,18008.57157574581,-26316.263883438125,0,22162.417729591965,1,18008.57157574581,0.9004285787872905,1.1081208864795982,0.9004285787872905,-1.3158131941719062,False
2002-07-03,14220.041644317404,-22527.733952009712,0,18373.88779816356,1,18373.88779816356,0.918694389908178,0.918694389908178,0.7110020822158701,-1.1263866976004855,True
2002-07-31,5748.709277154209,-14056.40158484652,0,9902.555431000364,1,9902.555431000364,0.49512777155001825,0.49512777155001825,0.28743546385771046,-0.702820079242326,True
2002-08-28,4727.215110076008,-13034.907417768318,0,8881.061263922164,1,8881.061263922164,0.44405306319610816,0.44405306319610816,0.2363607555038004,-0.6517453708884159,True
2002-09-25,1634.4467049280884,-9942.139012620399,0,5788.2928587742435,1,5788.2928587742435,0.2894146429387122,0.2894146429387122,0.08172233524640442,-0.49710695063101995,True
2002-10-23,4825.071827935932,-13132.76413562824,0,8978.917981782086,1,8978.917981782086,0.4489458990891043,0.4489458990891043,0.24125359139679659,-0.656638206781412,True
2002-11-20,4728.796586025453,-13036.488893717764,0,8882.642739871608,1,8882.642739871608,0.4441321369935804,0.4441321369935804,0.23643982930127264,-0.6518244446858883,True
2002-12-18,5629.070968676676,-13936.763276368983,0,9782.917122522831,1,9782.917122522831,0.4891458561261416,0.4891458561261416,0.2814535484338338,-0.6968381638184491,True
2003-01-15,5289.005852900346,-13596.698160592656,0,9442.852006746502,1,9442.852006746502,0.4721426003373251,0.4721426003373251,0.26445029264501735,-0.6798349080296328,True
2003-02-12,3787.871255643432,-12095.563563335741,0,7941.717409489587,1,7941.717409489587,0.39708587047447935,0.39708587047447935,0.1893935627821716,-0.604778178166787,True
2003-03-12,2142.0398901571843,-10449.732197849491,0,6295.886044003339,1,6295.886044003339,0.3147943022001669,0.3147943022001669,0.10710199450785922,-0.5224866098924745,True
2003-04-09,3508.985078716354,-11816.677386408664,0,7662.831232562509,1,7662.831232562509,0.3831415616281255,0.3831415616281255,0.17544925393581773,-0.5908338693204332,True
2003-05-07,1184.2718203264803,-9491.96412801879,0,5338.1179741726355,1,5338.1179741726355,0.26690589870863174,0.26690589870863174,0.05921359101632402,-0.47459820640093947,True
2003-06-04,-1159.9166156144408,-7147.775692077868,0,2993.929538231714,1,2993.929538231714,0.14969647691158572,0.14969647691158572,-0.05799583078072204,-0.3573887846038934,True
2003-07-02,312.9724479885235,-8620.664755680833,0,4466.818601834679,1,4466.818601834679,0.22334093009173392,0.22334093009173392,0.015648622399426177,-0.4310332377840417,True
2003-07-30,8436.367771786518,-16744.06007947883,0,12590.213925632674,1,12590.213925632674,0.6295106962816337,0.6295106962816337,0.4218183885893259,-0.8372030039739414,True
2003-08-27,13705.04041910393,-22012.732726796243,0,17858.886572950087,1,17858.886572950087,0.8929443286475043,0.8929443286475043,0.6852520209551966,-1.1006366363398121,True
2003-09-24,7011.9485960312095,-15319.640903723517,0,11165.794749877363,1,11165.794749877363,0.5582897374938681,0.5582897374938681,0.35059742980156045,-0.7659820451861759,True
2003-10-22,10079.265999218598,-18386.95830691091,0,14233.112153064754,1,14233.112153064754,0.7116556076532378,0.7116556076532378,0.5039632999609299,-0.9193479153455455,True
2003-11-19,11429.649086678444,-19737.341394370756,0,15583.4952405246,1,15583.4952405246,0.77917476202623,0.77917476202623,0.5714824543339222,-0.9868670697185379,True
2003-12-17,10637.214997053768,-18944.907304746077,0,14791.06115089992,1,14791.06115089992,0.739553057544996,0.739553057544996,0.5318607498526884,-0.9472453652373038,True
2004-01-14,8398.315592141487,-16706.007899833796,0,12552.16174598764,1,12552.16174598764,0.627608087299382,0.627608087299382,0.4199157796070743,-0.8353003949916898,True
2004-02-11,9556.829241657662,-17864.52154934997,0,13710.675395503815,1,13710.675395503815,0.6855337697751908,0.6855337697751908,0.4778414620828831,-0.8932260774674986,True
2004-03-10,5941.07479740751,-14248.767105099821,0,10094.920951253665,1,10094.920951253665,0.5047460475626833,0.5047460475626833,0.2970537398703755,-0.7124383552549911,True
2004-04-07,10611.824946154153,-18919.51725384646,0,14765.671100000307,1,14765.671100000307,0.7382835550000153,0.7382835550000153,0.5305912473077077,-0.945975862692323,True
2004-05-05,17500.86065313651,-25808.55296082882,0,21654.706806982664,1,21654.706806982664,1.082735340349133,1.082735340349133,0.8750430326568256,-1.2904276480414412,True
2004-06-02,19351.011625698426,-27658.703933390734,0,23504.857779544578,0,0.0,0.0,1.1752428889772288,0.9675505812849212,-1.3829351966695367,False
2004-06-30,17453.18149340463,-25760.873801096943,0,21607.02764725079,0,0.0,0.0,1.0803513823625395,0.8726590746702315,-1.288043690054847,True
2004-07-28,16551.027943361885,-24858.720251054194,0,20704.874097208038,0,0.0,0.0,1.035243704860402,0.8275513971680943,-1.2429360125527098,True
2004-08-25,11485.948356065048,-19793.64066375736,0,15639.794509911204,0,0.0,0.0,0.7819897254955602,0.5742974178032524,-0.989682033187868,True
2004-09-22,9451.854165627177,-17759.54647331949,0,13605.700319473333,0,0.0,0.0,0.6802850159736666,0.47259270828135885,-0.8879773236659745,True
2004-10-20,7876.267879942178,-16183.960187634486,0,12030.114033788332,0,0.0,0.0,0.6015057016894165,0.3938133939971089,-0.8091980093817243,True
2004-11-17,9798.47135925194,-18106.163666944252,0,13952.317513098096,0,0.0,0.0,0.6976158756549049,0.489923567962597,-0.9053081833472126,True
2004-12-15,8249.6924133237,-16557.38472101601,0,12403.538567169855,-1,-16557.38472101601,-0.8278692360508004,0.6201769283584928,0.412484620666185,-0.8278692360508004,False
2005-01-12,10222.182272242866,-18529.87457993518,0,14376.028426089022,-1,-14376.028426089022,-0.718801421304451,0.718801421304451,0.5111091136121433,-0.926493728996759,True
2005-02-09,9081.598948391449,-17389.291256083758,0,13235.445102237603,-1,-13235.445102237603,-0.6617722551118801,0.6617722551118801,0.45407994741957247,-0.8694645628041879,True
2005-03-09,11289.555900706098,-19597.248208398407,0,15443.402054552253,-1,-15443.402054552253,-0.7721701027276126,0.7721701027276126,0.5644777950353049,-0.9798624104199204,True
2005-04-06,9171.776376660258,-17479.468684352563,0,13325.622530506409,-1,-13325.622530506409,-0.6662811265253205,0.6662811265253205,0.45858881883301295,-0.8739734342176282,True
2005-05-04,7499.8171412211,-15807.509448913406,0,11653.663295067254,-1,-11653.663295067254,-0.5826831647533627,0.5826831647533627,0.374990857061055,-0.7903754724456703,True
2005-06-01,5712.520701452016,-14020.213009144321,0,9866.366855298169,-1,-9866.366855298169,-0.49331834276490844,0.49331834276490844,0.28562603507260076,-0.7010106504572161,True
2005-06-29,4723.233748593531,-13030.926056285836,0,8877.079902439684,-1,-8877.079902439684,-0.44385399512198415,0.44385399512198415,0.23616168742967655,-0.6515463028142918,True
2005-07-27,6128.314562027154,-14436.006869719458,0,10282.160715873308,-1,-10282.160715873308,-0.5141080357936654,0.5141080357936654,0.3064157281013577,-0.721800343485973,True
2005-08-24,2563.731949224303,-10871.424256916609,0,6717.578103070456,-1,-6717.578103070456,-0.3358789051535228,0.3358789051535228,0.12818659746121516,-0.5435712128458304,True
2005-09-21,999.1867455958641,-9306.87905328817,0,5153.032899442017,-1,-5153.032899442017,-0.25765164497210086,0.25765164497210086,0.0499593372797932,-0.46534395266440853,True
2005-10-19,5330.4763073705335,-13638.168615062841,0,9484.322461216687,-1,-9484.322461216687,-0.4742161230608344,0.4742161230608344,0.26652381536852665,-0.6819084307531421,True
2005-11-16,2489.583124418781,-10797.275432111088,0,6643.4292782649345,-1,-6643.4292782649345,-0.3321714639132467,0.3321714639132467,0.12447915622093905,-0.5398637716055544,True
2005-12-14,-1536.4943597745332,-6771.1979479177735,0,2617.3517940716197,-1,-2617.3517940716197,-0.13086758970358098,0.13086758970358098,-0.07682471798872666,-0.3385598973958887,True
2006-01-11,1147.5329653915405,-9455.225273083848,0,5301.379119237694,-1,-5301.379119237694,-0.2650689559618847,0.2650689559618847,0.05737664826957702,-0.4727612636541924,True
2006-02-08,-1912.6449115200246,-6395.047396172282,0,2241.2012423261285,-1,-2241.2012423261285,-0.11206006211630642,0.11206006211630642,-0.09563224557600122,-0.3197523698086141,True
2006-03-08,-2978.9263892980503,-5328.765918394263,0,1174.9197645481067,-1,-1174.9197645481067,-0.05874598822740534,0.05874598822740534,-0.1489463194649025,-0.26643829591971313,True
2006-04-05,-2725.7306193591426,-5581.961688333171,0,1428.115534487014,-1,-1428.115534487014,-0.0714057767243507,0.0714057767243507,-0.13628653096795715,-0.27909808441665857,True
2006-05-03,-3530.581195884146,-4777.111111808168,0,623.2649579620108,-1,-623.2649579620108,-0.03116324789810054,0.03116324789810054,-0.1765290597942073,-0.23885555559040839,True
2006-05-31,-2923.2271198019366,-5384.465187890377,0,1230.6190340442201,-1,-1230.6190340442201,-0.06153095170221101,0.06153095170221101,-0.14616135599009683,-0.26922325939451885,True
2006-06-28,-1609.5273633671886,-6698.164944325124,0,2544.3187904789684,-1,-2544.3187904789684,-0.1272159395239484,0.1272159395239484,-0.08047636816835943,-0.3349082472162562,True
2006-07-26,-4856.450708600237,-3451.2415990920767,0,-702.60455475408,-1,702.60455475408,0.035130227737704,-0.035130227737704,-0.24282253543001184,-0.17256207995460382,True
2006-08-23,-9265.797868331625,958.1055606393124,0,-5111.951714485469,-1,5111.951714485469,0.2555975857242735,-0.2555975857242735,-0.4632898934165813,0.04790527803196562,True
2006-09-20,-10847.87438426636,2540.1820765740467,0,-6694.028230420204,-1,6694.028230420204,0.3347014115210102,-0.3347014115210102,-0.542393719213318,0.12700910382870234,True
2006-10-18,-7216.9747681375275,-1090.7175395547865,0,-3063.1286142913705,-1,3063.1286142913705,0.15315643071456853,-0.15315643071456853,-0.36084873840687637,-0.054535876977739324,True
2006-11-15,-10745.480924486812,2437.7886167945035,0,-6591.634770640657,-1,6591.634770640657,0.3295817385320328,-0.3295817385320328,-0.5372740462243406,0.12188943083972517,True
2006-12-13,-13022.893295563874,4715.200987871559,0,-8869.047141717716,-1,8869.047141717716,0.44345235708588576,-0.44345235708588576,-0.6511446647781937,0.23576004939357795,True
2007-01-10,-8800.080919861635,492.38861216932173,0,-4646.234766015478,-1,4646.234766015478,0.23231173830077392,-0.23231173830077392,-0.44000404599308174,0.024619430608466084,True
2007-02-07,-8691.530463968837,383.83815627652257,0,-4537.68431012268,-1,4537.68431012268,0.22688421550613397,-0.22688421550613397,-0.4345765231984418,0.01919190781382613,True
2007-03-07,-15107.143189614257,6799.450881921945,0,-10953.297035768102,-1,10953.297035768102,0.5476648517884051,-0.5476648517884051,-0.7553571594807128,0.3399725440960973,True
2007-04-04,-14569.342420617777,6261.650112925462,0,-10415.496266771619,-1,10415.496266771619,0.520774813338581,-0.520774813338581,-0.7284671210308888,0.3130825056462731,True
2007-05-02,-12804.906625549873,4497.214317857559,0,-8651.060471703715,0,0.0,0.0,-0.43255302358518577,-0.6402453312774936,0.22486071589287795,False
2007-05-30,-5134.719232209114,-3172.9730754832,0,-980.8730783629569,-1,-3172.9730754832,-0.15864865377416,-0.04904365391814784,-0.2567359616104557,-0.15864865377416,False
2007-06-27,-5926.423660603245,-2381.2686470890694,0,-1772.5775067570873,-1,1772.5775067570873,0.08862887533785437,-0.08862887533785437,-0.29632118303016225,-0.11906343235445348,True
2007-07-25,-4530.705642091641,-3776.9866656006693,0,-376.85948824548734,-1,376.85948824548734,0.01884297441227437,-0.01884297441227437,-0.22653528210458204,-0.18884933328003345,True
2007-08-22,-11035.716017182402,2728.0237094900876,0,-6881.869863336245,0,0.0,0.0,-0.3440934931668122,-0.5517858008591201,0.13640118547450436,False
2007-09-19,848.3106284317323,-9156.002936124038,0,5002.156782277885,0,0.0,0.0,0.2501078391138943,0.04241553142158662,-0.4578001468062019,True
2007-10-17,-3689.4338078835594,-4618.258499808747,0,464.4123459625938,0,0.0,0.0,0.02322061729812969,-0.18447169039417796,-0.23091292499043733,True
2007-11-14,-7255.252926601648,-1052.4393810906581,0,-3101.406772755495,0,0.0,0.0,-0.15507033863777475,-0.3627626463300824,-0.052621969054532904,True
2007-12-12,-11949.688631354737,3641.9963236624317,0,-7795.842477508585,0,0.0,0.0,-0.3897921238754293,-0.5974844315677368,0.18209981618312157,True
2008-01-09,-11209.21077816558,2901.5184704732737,0,-7055.364624319427,1,-11209.21077816558,-0.5604605389082791,-0.35276823121597134,-0.5604605389082791,0.1450759235236637,False
2008-02-06,-16229.377435866045,7921.685128173737,0,-12075.53128201989,1,-12075.53128201989,-0.6037765641009945,-0.6037765641009945,-0.8114688717933023,0.3960842564086869,True
2008-03-05,-8698.545762324318,390.8534546320079,0,-4544.699608478163,1,-4544.699608478163,-0.22723498042390816,-0.22723498042390816,-0.4349272881162159,0.019542672731600395,True
2008-04-02,-1684.771904011779,-6622.920403680531,0,2469.074249834376,1,2469.074249834376,0.12345371249171881,0.12345371249171881,-0.08423859520058896,-0.33114602018402656,True
2008-04-30,7502.6164465649335,-15810.308754257243,0,11656.462600411087,1,11656.462600411087,0.5828231300205543,0.5828231300205543,0.3751308223282467,-0.7905154377128621,True
2008-05-28,12433.308116934917,-20741.00042462723,0,16587.154270781073,1,16587.154270781073,0.8293577135390536,0.8293577135390536,0.6216654058467458,-1.0370500212313614,True
2008-06-25,6036.0396101261495,-14343.731917818459,0,10189.885763972305,1,10189.885763972305,0.5094942881986152,0.5094942881986152,0.30180198050630747,-0.7171865958909229,True
2008-07-23,11493.598056394745,-19801.290364087054,0,15647.444210240901,1,15647.444210240901,0.7823722105120451,0.7823722105120451,0.5746799028197372,-0.9900645182043527,True
2008-08-20,3345.452293196062,-11653.144600888372,0,7499.298447042216,1,7499.298447042216,0.3749649223521108,0.3749649223521108,0.16727261465980311,-0.5826572300444186,True
2008-09-17,-2983.865597177107,-5323.826710515203,0,1169.9805566690482,1,1169.9805566690482,0.058499027833452406,0.058499027833452406,-0.14919327985885533,-0.26619133552576013,True
2008-10-15,15043.341610428386,-23351.033918120695,0,19197.18776427454,1,19197.18776427454,0.959859388213727,0.959859388213727,0.7521670805214193,-1.1675516959060346,True
2008-11-12,6809.610956536569,-15117.303264228878,0,10963.457110382724,1,10963.457110382724,0.5481728555191362,0.5481728555191362,0.34048054782682846,-0.7558651632114439,True
2008-12-10,6738.183935480573,-15045.876243172883,0,10892.030089326727,1,10892.030089326727,0.5446015044663364,0.5446015044663364,0.33690919677402864,-0.7522938121586442,True
2009-01-07,7554.173796721369,-15861.866104413679,0,11708.019950567525,1,11708.019950567525,0.5854009975283762,0.5854009975283762,0.3777086898360685,-0.7930933052206839,True
2009-02-04,9622.402363915375,-17930.094671607683,0,13776.248517761529,1,13776.248517761529,0.6888124258880765,0.6888124258880765,0.4811201181957687,-0.8965047335803842,True
2009-03-04,4920.519585867978,-13228.211893560285,0,9074.36573971413,1,9074.36573971413,0.45371828698570654,0.45371828698570654,0.24602597929339892,-0.6614105946780143,True
2009-04-01,4488.384047671284,-12796.076355363592,0,8642.23020151744,1,8642.23020151744,0.43211151007587195,0.43211151007587195,0.2244192023835642,-0.6398038177681796,True
2009-04-29,8047.037416641883,-16354.729724334193,0,12200.883570488038,1,12200.883570488038,0.610044178524402,0.610044178524402,0.40235187083209417,-0.8177364862167096,True
2009-05-27,9694.605897368867,-18002.298205061175,0,13848.452051215021,1,13848.452051215021,0.692422602560751,0.692422602560751,0.4847302948684433,-0.9001149102530588,True
2009-06-24,13334.548883783322,-21642.241191475634,0,17488.395037629478,1,17488.395037629478,0.8744197518814739,0.8744197518814739,0.6667274441891661,-1.0821120595737816,True
2009-07-22,9924.485036304766,-18232.177343997075,0,14078.33119015092,1,14078.33119015092,0.7039165595075461,0.7039165595075461,0.4962242518152383,-0.9116088671998538,True
2009-08-19,10659.4935858602,-18967.185893552505,0,14813.339739706355,1,14813.339739706355,0.7406669869853177,0.7406669869853177,0.53297467929301,-0.9483592946776253,True
2009-09-16,11837.304692733447,-20144.997000425752,0,15991.1508465796,1,15991.1508465796,0.7995575423289799,0.7995575423289799,0.5918652346366723,-1.0072498500212876,True
2009-10-14,11747.80717413878,-20055.49948183109,0,15901.653327984935,1,15901.653327984935,0.7950826663992467,0.7950826663992467,0.5873903587069389,-1.0027749740915546,True
2009-11-11,9457.42817569981,-17765.12048339212,0,13611.274329545966,1,13611.274329545966,0.6805637164772983,0.6805637164772983,0.4728714087849905,-0.8882560241696059,True
2009-12-09,7639.45497888157,-15947.147286573876,0,11793.301132727722,1,11793.301132727722,0.5896650566363861,0.5896650566363861,0.3819727489440785,-0.7973573643286939,True
2010-01-06,12266.323396539941,-20574.015704232246,0,16420.169550386094,1,16420.169550386094,0.8210084775193047,0.8210084775193047,0.6133161698269971,-1.0287007852116123,True
2010-02-03,9914.195185474891,-18221.8874931672,0,14068.041339321047,1,14068.041339321047,0.7034020669660525,0.7034020669660525,0.49570975927374455,-0.9110943746583601,True
2010-03-03,8741.435403043179,-17049.127710735487,0,12895.281556889335,1,12895.281556889335,0.6447640778444668,0.6447640778444668,0.4370717701521589,-0.8524563855367744,True
2010-03-31,11682.541559839377,-19990.233867531682,0,15836.38771368553,1,15836.38771368553,0.7918193856842765,0.7918193856842765,0.5841270779919688,-0.9995116933765841,True
2010-04-28,11143.233559404049,-19450.925867096357,0,15297.079713250203,1,15297.079713250203,0.7648539856625102,0.7648539856625102,0.5571616779702024,-0.9725462933548179,True
2010-05-26,7384.637032110827,-15692.329339803135,0,11538.483185956982,1,11538.483185956982,0.576924159297849,0.576924159297849,0.36923185160554134,-0.7846164669901566,True
2010-06-23,4803.1128584447115,-13110.80516613702,0,8956.959012290867,1,8956.959012290867,0.44784795061454336,0.44784795061454336,0.24015564292223557,-0.6555402583068509,True
2010-07-21,4131.836073961666,-12439.528381653974,0,8285.68222780782,1,8285.68222780782,0.414284111390391,0.414284111390391,0.20659180369808333,-0.6219764190826986,True
2010-08-18,2164.2324469463447,-10471.924754638652,0,6318.078600792499,1,6318.078600792499,0.31590393003962497,0.31590393003962497,0.10821162234731722,-0.5235962377319326,True
2010-09-15,1860.6627326303415,-10168.355040322649,0,6014.508886476496,1,6014.508886476496,0.30072544432382475,0.30072544432382475,0.09303313663151708,-0.5084177520161325,True
2010-10-13,-75.18772616946808,-8232.50458152284,0,4078.6584276766857,1,4078.6584276766857,0.2039329213838343,0.2039329213838343,-0.003759386308473404,-0.411625229076142,True
2010-11-10,1035.5254921767373,-9343.217799869046,0,5189.371646022892,1,5189.371646022892,0.25946858230114456,0.25946858230114456,0.05177627460883687,-0.4671608899934523,True
2010-12-08,4436.06752891052,-12743.759836602829,0,8589.913682756673,1,8589.913682756673,0.4294956841378337,0.4294956841378337,0.22180337644552603,-0.6371879918301414,True
2011-01-05,6374.196535961969,-14681.888843654277,0,10528.042689808122,1,10528.042689808122,0.5264021344904062,0.5264021344904062,0.31870982679809845,-0.7340944421827139,True
2011-02-02,5554.476558226176,-13862.168865918484,0,9708.32271207233,1,9708.32271207233,0.48541613560361646,0.48541613560361646,0.2777238279113088,-0.6931084432959242,True
2011-03-02,6066.733580071169,-14374.425887763478,0,10220.579733917324,1,10220.579733917324,0.5110289866958663,0.5110289866958663,0.3033366790035585,-0.718721294388174,True
2011-03-30,8187.611250530729,-16495.303558223037,0,12341.457404376884,1,12341.457404376884,0.6170728702188443,0.6170728702188443,0.4093805625265365,-0.8247651779111519,True
2011-04-27,6734.137350811517,-15041.829658503826,0,10887.983504657672,1,10887.983504657672,0.5443991752328835,0.5443991752328835,0.3367068675405759,-0.7520914829251912,True
2011-05-25,4840.850541689486,-13148.542849381793,0,8994.696695535642,1,8994.696695535642,0.44973483477678206,0.44973483477678206,0.2420425270844743,-0.6574271424690896,True
2011-06-22,1761.835061449714,-10069.527369142023,0,5915.681215295868,1,5915.681215295868,0.2957840607647934,0.2957840607647934,0.0880917530724857,-0.5034763684571011,True
2011-07-20,1779.4045146660565,-10087.096822358366,0,5933.250668512211,1,5933.250668512211,0.2966625334256105,0.2966625334256105,0.08897022573330282,-0.5043548411179183,True
2011-08-17,-2048.1186063820846,-6259.573701310223,0,2105.7275474640696,1,2105.7275474640696,0.10528637737320347,0.10528637737320347,-0.10240593031910422,-0.31297868506551113,True
2011-09-14,-1483.6632800539305,-6824.029027638378,0,2670.1828737922233,1,2670.1828737922233,0.13350914368961117,0.13350914368961117,-0.07418316400269653,-0.3412014513819189,True
2011-10-12,866.8289741948679,-9174.521281887177,0,5020.675128041022,1,5020.675128041022,0.25103375640205106,0.25103375640205106,0.043341448709743394,-0.45872606409435884,True
2011-11-09,-464.27404945173976,-7843.418258240568,0,3689.572104394414,0,0.0,0.0,0.18447860521972068,-0.02321370247258699,-0.39217091291202844,False
2011-12-07,-592.7827928349943,-7714.909514857315,0,3561.06336101116,0,0.0,0.0,0.178053168050558,-0.029639139641749718,-0.3857454757428658,True
2012-01-04,-444.2342211015548,-7863.458086590753,0,3709.6119327445995,0,0.0,0.0,0.18548059663722996,-0.02221171105507774,-0.39317290432953766,True
2012-02-01,-1109.8527027418309,-7197.839604950478,0,3043.993451104323,0,0.0,0.0,0.15219967255521616,-0.055492635137091545,-0.35989198024752395,True
2012-02-29,-584.0231663781233,-7723.669141314184,0,3569.8229874680305,0,0.0,0.0,0.17849114937340155,-0.029201158318906163,-0.3861834570657092,True
2012-03-28,104.02177791220447,-8411.714085604512,0,4257.867931758358,0,0.0,0.0,0.2128933965879179,0.0052010888956102235,-0.42058570428022557,True
2012-04-25,-1511.0060545938006,-6796.686253098507,0,2642.8400992523534,0,0.0,0.0,0.1321420049626177,-0.07555030272969003,-0.3398343126549253,True
2012-05-23,-1600.4782725220039,-6707.214035170304,0,2553.3678813241504,0,0.0,0.0,0.12766839406620753,-0.0800239136261002,-0.33536070175851523,True
2012-06-20,-585.2210232978778,-7722.47128439443,0,3568.625130548276,-1,-7722.47128439443,-0.3861235642197215,0.1784312565274138,-0.029261051164893886,-0.3861235642197215,False
2012-07-18,-2446.3866375237367,-5861.305670168571,0,1707.4595163224174,-1,-1707.4595163224174,-0.08537297581612087,0.08537297581612087,-0.12231933187618683,-0.29306528350842853,True
2012-08-15,-1515.8219411681844,-6791.870366524124,0,2638.0242126779694,-1,-2638.0242126779694,-0.13190121063389848,0.13190121063389848,-0.07579109705840921,-0.3395935183262062,True
2012-09-12,-2153.6670584240464,-6154.025249268262,0,2000.1790954221078,-1,-2000.1790954221078,-0.10000895477110539,0.10000895477110539,-0.10768335292120233,-0.3077012624634131,True
2012-10-10,-1561.9284316330204,-6745.763876059287,0,2591.917722213134,-1,-2591.917722213134,-0.1295958861106567,0.1295958861106567,-0.07809642158165103,-0.3372881938029644,True
2012-11-07,-1795.1786299806308,-6512.513677711677,0,2358.6675238655234,-1,-2358.6675238655234,-0.11793337619327617,0.11793337619327617,-0.08975893149903155,-0.3256256838855838,True
2012-12-05,-2237.8189415697957,-6069.873366122512,0,1916.0272122763583,-1,-1916.0272122763583,-0.09580136061381792,0.09580136061381792,-0.11189094707848979,-0.3034936683061256,True
2013-01-02,-931.329598768175,-7376.362708924134,0,3222.5165550779793,-1,-3222.5165550779793,-0.16112582775389897,0.16112582775389897,-0.04656647993840875,-0.3688181354462067,True
2013-01-30,-948.4065282195024,-7359.285779472806,0,3205.439625626652,-1,-3205.439625626652,-0.16027198128133258,0.16027198128133258,-0.04742032641097512,-0.3679642889736403,True
2013-02-27,-1046.1009125533888,-7261.591395138919,0,3107.7452412927655,0,0.0,0.0,0.1553872620646383,-0.05230504562766944,-0.36307956975694594,False
2013-03-27,-1578.0070130422819,-6729.685294650026,0,2575.839140803872,0,0.0,0.0,0.12879195704019358,-0.07890035065211409,-0.3364842647325013,True
2013-04-24,-1524.145362990951,-6783.546944701357,0,2629.7007908552027,0,0.0,0.0,0.13148503954276014,-0.07620726814954755,-0.3391773472350678,True
2013-05-22,-409.3031441309786,-7898.38916356133,0,3744.5430097151757,-1,-7898.38916356133,-0.39491945817806645,0.18722715048575878,-0.020465157206548932,-0.39491945817806645,False
2013-06-19,464.1283022853413,-8771.820609977649,0,4617.974456131496,0,0.0,0.0,0.23089872280657478,0.023206415114267066,-0.4385910304988825,False
2013-07-17,982.6753305141474,-9290.367638206455,0,5136.521484360302,0,0.0,0.0,0.25682607421801507,0.04913376652570737,-0.46451838191032274,True
2013-08-14,1432.7646018304404,-9740.456909522749,0,5586.610755676595,0,0.0,0.0,0.2793305377838297,0.07163823009152201,-0.4870228454761375,True
2013-09-11,3991.715995236097,-12299.408302928405,0,8145.5621490822505,1,3991.715995236097,0.19958579976180488,0.4072781074541125,0.19958579976180488,-0.6149704151464203,False
2013-10-09,1687.580370330642,-9995.27267802295,0,5841.426524176796,0,0.0,0.0,0.29207132620883985,0.0843790185165321,-0.4997636339011475,False
2013-11-06,-1165.6949726872513,-7141.997335005057,0,2988.1511811589025,0,0.0,0.0,0.14940755905794512,-0.05828474863436257,-0.35709986675025285,True
2013-12-04,9.301070718359824,-8316.993378410669,0,4163.147224564514,1,9.301070718359824,0.0004650535359179912,0.2081573612282257,0.0004650535359179912,-0.41584966892053343,False
2014-01-01,1971.0762711026837,-10278.768578794992,0,6124.922424948838,1,6124.922424948838,0.30624612124744194,0.30624612124744194,0.09855381355513418,-0.5139384289397496,True
2014-01-29,1997.4348245019655,-10305.127132194273,0,6151.280978348119,1,6151.280978348119,0.30756404891740596,0.30756404891740596,0.09987174122509827,-0.5152563566097136,True
2014-02-26,1171.4741138844274,-9479.166421576736,0,5325.320267730582,0,0.0,0.0,0.26626601338652905,0.058573705694221365,-0.4739583210788368,False
2014-03-26,3670.225074601378,-11977.917382293686,0,7824.071228447531,0,0.0,0.0,0.39120356142237656,0.18351125373006888,-0.5988958691146843,True
2014-04-23,3318.2814498102753,-11625.973757502583,0,7472.1276036564295,-1,-11625.973757502583,-0.5812986878751292,0.3736063801828215,0.16591407249051376,-0.5812986878751292,False
2014-05-21,2522.371010198005,-10830.063317890314,0,6676.217164044159,-1,-6676.217164044159,-0.33381085820220796,0.33381085820220796,0.12611855050990026,-0.5415031658945157,True
2014-06-18,4663.366813707849,-12971.059121400158,0,8817.212967554004,-1,-8817.212967554004,-0.44086064837770017,0.44086064837770017,0.23316834068539247,-0.6485529560700078,True
2014-07-16,5036.152605061822,-13343.844912754132,0,9189.998758907977,-1,-9189.998758907977,-0.45949993794539884,0.45949993794539884,0.2518076302530911,-0.6671922456377066,True
2014-08-13,3709.524298391071,-12017.21660608338,0,7863.370452237225,-1,-7863.370452237225,-0.3931685226118613,0.3931685226118613,0.18547621491955354,-0.6008608303041689,True
2014-09-10,6748.508835849917,-15056.201143542225,0,10902.354989696072,-1,-10902.354989696072,-0.5451177494848036,0.5451177494848036,0.33742544179249584,-0.7528100571771112,True
2014-10-08,4457.568041851064,-12765.260349543372,0,8611.414195697216,-1,-8611.414195697216,-0.43057070978486084,0.43057070978486084,0.2228784020925532,-0.6382630174771686,True
2014-11-05,5652.811545880105,-13960.503853572412,0,9806.657699726258,-1,-9806.657699726258,-0.4903328849863129,0.4903328849863129,0.28264057729400527,-0.6980251926786206,True
2014-12-03,5952.326628261101,-14260.018935953409,0,10106.172782107256,-1,-10106.172782107256,-0.5053086391053628,0.5053086391053628,0.29761633141305505,-0.7130009467976705,True
2014-12-31,6774.541272439829,-15082.233580132139,0,10928.387426285984,-1,-10928.387426285984,-0.5464193713142992,0.5464193713142992,0.3387270636219915,-0.7541116790066069,True
2015-01-28,4192.922798283499,-12500.615105975809,0,8346.768952129654,-1,-8346.768952129654,-0.4173384476064827,0.4173384476064827,0.20964613991417494,-0.6250307552987904,True
2015-02-25,6156.964170974053,-14464.656478666362,0,10310.810324820208,-1,-10310.810324820208,-0.5155405162410104,0.5155405162410104,0.30784820854870265,-0.7232328239333181,True
2015-03-25,5106.654247577939,-13414.346555270247,0,9260.500401424095,-1,-9260.500401424095,-0.4630250200712048,0.4630250200712048,0.25533271237889693,-0.6707173277635123,True
2015-04-22,4969.120738118307,-13276.813045810613,0,9122.966891964461,-1,-9122.966891964461,-0.45614834459822307,0.45614834459822307,0.24845603690591533,-0.6638406522905306,True
2015-05-20,5723.482441918085,-14031.174749610393,0,9877.328595764237,-1,-9877.328595764237,-0.4938664297882118,0.4938664297882118,0.28617412209590426,-0.7015587374805196,True
2015-06-17,6575.840365993797,-14883.532673686106,0,10729.686519839952,-1,-10729.686519839952,-0.5364843259919976,0.5364843259919976,0.3287920182996898,-0.7441766336843053,True
2015-07-15,5919.463599014573,-14227.155906706885,0,10073.309752860729,-1,-10073.309752860729,-0.5036654876430364,0.5036654876430364,0.29597317995072864,-0.7113577953353443,True
2015-08-12,5009.249449715861,-13316.94175740817,0,9163.095603562017,-1,-9163.095603562017,-0.4581547801781008,0.4581547801781008,0.25046247248579306,-0.6658470878704086,True
2015-09-09,6317.854211145747,-14625.546518838055,0,10471.700364991899,-1,-10471.700364991899,-0.5235850182495949,0.5235850182495949,0.3158927105572874,-0.7312773259419028,True
2015-10-07,6139.299610243163,-14446.991917935473,0,10293.145764089319,-1,-10293.145764089319,-0.5146572882044659,0.5146572882044659,0.3069649805121582,-0.7223495958967736,True
2015-11-04,8613.874809329413,-16921.56711702172,0,12767.720963175567,-1,-12767.720963175567,-0.6383860481587783,0.6383860481587783,0.4306937404664706,-0.846078355851086,True
2015-12-02,8526.715536840275,-16834.40784453258,0,12680.561690686427,-1,-12680.561690686427,-0.6340280845343214,0.6340280845343214,0.4263357768420137,-0.841720392226629,True
2015-12-30,8981.289397638324,-17288.98170533063,0,13135.135551484476,-1,-13135.135551484476,-0.6567567775742238,0.6567567775742238,0.4490644698819162,-0.8644490852665314,True
2016-01-27,6968.854141117677,-15276.546448809986,0,11122.700294963832,-1,-11122.700294963832,-0.5561350147481916,0.5561350147481916,0.3484427070558838,-0.7638273224404993,True
2016-02-24,2270.6548361117993,-10578.347143804109,0,6424.500989957953,-1,-6424.500989957953,-0.3212250494978976,0.3212250494978976,0.11353274180558996,-0.5289173571902055,True
2016-03-23,3638.9051143128772,-11946.597422005187,0,7792.751268159031,-1,-7792.751268159031,-0.3896375634079515,0.3896375634079515,0.18194525571564388,-0.5973298711002594,True
2016-04-20,3625.783725510585,-11933.476033202893,0,7779.62987935674,-1,-7779.62987935674,-0.388981493967837,0.388981493967837,0.18128918627552926,-0.5966738016601446,True
2016-05-18,5209.672684653243,-13517.364992345552,0,9363.518838499398,-1,-9363.518838499398,-0.4681759419249699,0.4681759419249699,0.26048363423266213,-0.6758682496172776,True
2016-06-15,1617.8515153076896,-9925.543823,0,5771.697669153844,-1,-5771.697669153844,-0.28858488345769223,0.28858488345769223,0.08089257576538447,-0.49627719114999996,True
2016-07-13,1697.261269335405,-10004.953577027714,0,5851.107423181559,-1,-5851.107423181559,-0.292555371159078,0.292555371159078,0.08486306346677024,-0.5002476788513858,True
2016-08-10,893.9535016959867,-9201.645809388294,0,5047.7996555421405,-1,-5047.7996555421405,-0.252389982777107,0.252389982777107,0.04469767508479933,-0.4600822904694147,True
2016-09-07,1859.836257887062,-10167.52856557937,0,6013.682411733215,-1,-6013.682411733215,-0.3006841205866608,0.3006841205866608,0.09299181289435308,-0.5083764282789686,True
2016-10-05,3291.7589462040614,-11599.451253896368,0,7445.605100050216,-1,-7445.605100050216,-0.3722802550025108,0.3722802550025108,0.16458794731020307,-0.5799725626948183,True
2016-11-02,2464.8368747839186,-10772.529182476226,0,6618.683028630072,-1,-6618.683028630072,-0.33093415143150356,0.33093415143150356,0.12324184373919593,-0.5386264591238114,True
2016-11-30,6932.414979150905,-15240.107286843213,0,11086.261132997059,-1,-11086.261132997059,-0.5543130566498529,0.5543130566498529,0.34662074895754524,-0.7620053643421606,True
2016-12-28,7702.036490888921,-16009.728798581233,0,11855.882644735077,-1,-11855.882644735077,-0.5927941322367538,0.5927941322367538,0.3851018245444461,-0.8004864399290617,True
2017-01-25,7444.266578606365,-15751.958886298675,0,11598.112732452519,-1,-11598.112732452519,-0.579905636622626,0.579905636622626,0.3722133289303182,-0.7875979443149337,True
2017-02-22,7217.362771109348,-15525.055078801655,0,11371.208924955501,-1,-11371.208924955501,-0.5685604462477751,0.5685604462477751,0.36086813855546734,-0.7762527539400828,True
2017-03-22,5908.764661351016,-14216.456969043324,0,10062.610815197171,-1,-10062.610815197171,-0.5031305407598585,0.5031305407598585,0.2954382330675508,-0.7108228484521661,True
2017-04-19,1640.3481737307038,-9948.040481423013,0,5794.194327576858,-1,-5794.194327576858,-0.2897097163788429,0.2897097163788429,0.08201740868653519,-0.4974020240711507,True
2017-05-17,2242.544073525516,-10550.236381217825,0,6396.39022737167,-1,-6396.39022737167,-0.31981951136858355,0.31981951136858355,0.11212720367627581,-0.5275118190608913,True
2017-06-14,2697.217380272332,-11004.909687964639,0,6851.063534118485,-1,-6851.063534118485,-0.3425531767059243,0.3425531767059243,0.13486086901361657,-0.550245484398232,True
2017-07-12,1189.624518209287,-9497.316825901595,0,5343.47067205544,-1,-5343.47067205544,-0.2671735336027721,0.2671735336027721,0.059481225910464355,-0.47486584129507975,True
2017-08-09,437.1384433125636,-8744.830751004873,0,4590.984597158717,-1,-4590.984597158717,-0.22954922985793585,0.22954922985793585,0.021856922165628182,-0.4372415375502436,True
2017-09-06,-1198.3515928365332,-7109.340714855774,0,2955.494561009621,-1,-2955.494561009621,-0.14777472805048106,0.14777472805048106,-0.05991757964182666,-0.3554670357427887,True
2017-10-04,1029.4334018068266,-9337.125709499134,0,5183.279555652981,-1,-5183.279555652981,-0.25916397778264905,0.25916397778264905,0.05147167009034133,-0.4668562854749567,True
2017-11-01,2524.702811899617,-10832.395119591925,0,6678.548965745771,-1,-6678.548965745771,-0.33392744828728854,0.33392744828728854,0.12623514059498084,-0.5416197559795963,True
2017-11-29,3636.771935574253,-11944.46424326656,0,7790.618089420406,-1,-7790.618089420406,-0.38953090447102034,0.38953090447102034,0.18183859677871264,-0.5972232121633281,True
2017-12-27,3181.14759259283,-11488.83990028514,0,7334.993746438985,-1,-7334.993746438985,-0.36674968732194924,0.36674968732194924,0.15905737962964148,-0.5744419950142571,True
2018-01-24,6712.217567380395,-15019.909875072706,0,10866.06372122655,-1,-10866.06372122655,-0.5433031860613274,0.5433031860613274,0.33561087836901976,-0.7509954937536353,True
2018-02-21,6648.232988637789,-14955.9252963301,0,10802.079142483944,-1,-10802.079142483944,-0.5401039571241972,0.5401039571241972,0.33241164943188944,-0.7477962648165051,True
2018-03-21,6137.409199523917,-14445.101507216226,0,10291.255353370072,-1,-10291.255353370072,-0.5145627676685036,0.5145627676685036,0.30687045997619583,-0.7222550753608113,True
2018-04-18,4591.2446664566605,-12898.936974148972,0,8745.090820302816,-1,-8745.090820302816,-0.4372545410151408,0.4372545410151408,0.22956223332283301,-0.6449468487074486,True
2018-05-16,6237.328107641847,-14545.020415334155,0,10391.174261488002,-1,-10391.174261488002,-0.5195587130744,0.5195587130744,0.31186640538209237,-0.7272510207667077,True
2018-06-13,5871.578692112363,-14179.270999804674,0,10025.424845958518,-1,-10025.424845958518,-0.5012712422979259,0.5012712422979259,0.2935789346056181,-0.7089635499902337,True
2018-07-11,4516.851543315597,-12824.543851007908,0,8670.697697161751,-1,-8670.697697161751,-0.43353488485808755,0.43353488485808755,0.22584257716577985,-0.6412271925503954,True
2018-08-08,5011.744023926812,-13319.436331619123,0,9165.590177772967,-1,-9165.590177772967,-0.4582795088886484,0.4582795088886484,0.2505872011963406,-0.665971816580956,True
2018-09-05,3540.194747008314,-11847.887054700623,0,7694.040900854469,-1,-7694.040900854469,-0.3847020450427235,0.3847020450427235,0.1770097373504157,-0.5923943527350312,True
2018-10-03,5268.535693010453,-13576.228000702762,0,9422.381846856608,-1,-9422.381846856608,-0.4711190923428304,0.4711190923428304,0.26342678465052266,-0.6788114000351382,True
2018-10-31,3551.401050248238,-11859.093357940543,0,7705.24720409439,-1,-7705.24720409439,-0.38526236020471955,0.38526236020471955,0.1775700525124119,-0.5929546678970271,True
2018-11-28,1845.0733521932289,-10152.765659885536,0,5998.919506039382,-1,-5998.919506039382,-0.2999459753019691,0.2999459753019691,0.09225366760966144,-0.5076382829942768,True
2018-12-26,-2227.682275173962,-6080.010032518345,0,1926.1638786721912,-1,-1926.1638786721912,-0.09630819393360956,0.09630819393360956,-0.1113841137586981,-0.3040005016259173,True
2019-01-23,-3344.455316220696,-4963.23699147161,0,809.3908376254569,-1,-809.3908376254569,-0.040469541881272844,0.040469541881272844,-0.1672227658110348,-0.24816184957358048,True
2019-02-20,-4081.611859543407,-4226.080448148899,0,72.2342943027463,-1,-72.2342943027463,-0.003611714715137315,0.003611714715137315,-0.20408059297717035,-0.21130402240744497,True
2019-03-20,-5574.343607710157,-2733.348699982149,0,-1420.497453864004,-1,1420.497453864004,0.07102487269320021,-0.07102487269320021,-0.2787171803855078,-0.13666743499910744,True
2019-04-17,-5454.9951615326445,-2852.6971461596618,0,-1301.1490076864911,0,0.0,0.0,-0.06505745038432456,-0.2727497580766322,-0.1426348573079831,False
2019-05-15,-8539.128341102787,231.43603341048174,0,-4385.282187256635,-1,231.43603341048174,0.011571801670524087,-0.21926410936283175,-0.42695641705513937,0.011571801670524087,False
2019-06-12,-10411.453091116404,2103.760783424098,0,-6257.606937270251,0,0.0,0.0,-0.31288034686351257,-0.5205726545558201,0.10518803917120491,False
2019-07-10,-8823.29223611616,515.5999284238542,0,-4669.4460822700075,0,0.0,0.0,-0.23347230411350037,-0.44116461180580796,0.02577999642119271,True
2019-08-07,-11194.246483781215,2886.55417608891,0,-7040.400329935063,0,0.0,0.0,-0.35202001649675313,-0.5597123241890607,0.1443277088044455,True
2019-09-04,-12620.437534905159,4312.745227212851,0,-8466.591381059006,0,0.0,0.0,-0.4233295690529503,-0.631021876745258,0.21563726136064257,True
2019-10-02,-11435.703605030474,3128.011297338164,0,-7281.857451184318,0,0.0,0.0,-0.36409287255921585,-0.5717851802515237,0.15640056486690818,True
2019-10-30,-5104.657108060634,-3203.035199631676,0,-950.810954214479,0,0.0,0.0,-0.04754054771072395,-0.2552328554030317,-0.1601517599815838,True
2019-11-27,-3741.7320127584794,-4565.9602949338305,0,412.11414108767565,0,0.0,0.0,0.020605707054383783,-0.18708660063792398,-0.22829801474669154,True
2019-12-25,-3249.6385692499134,-5058.053738442397,0,904.2075845962418,0,0.0,0.0,0.04521037922981209,-0.16248192846249568,-0.25290268692211987,True
2020-01-22,-4758.267975011634,-3549.424332680676,0,-604.4218211654791,0,0.0,0.0,-0.030221091058273954,-0.23791339875058168,-0.1774712166340338,True
2020-02-19,-5800.384102849535,-2507.308204842774,0,-1646.5379490033808,0,0.0,0.0,-0.08232689745016904,-0.29001920514247675,-0.1253654102421387,True
2020-03-18,-7542.353239432946,-765.3390682593636,0,-3388.507085586791,0,0.0,0.0,-0.16942535427933955,-0.3771176619716473,-0.03826695341296818,True
2020-04-15,-2847.575643142467,-5460.116664549841,0,1306.270510703687,0,0.0,0.0,0.06531352553518435,-0.14237878215712335,-0.27300583322749206,True
2020-05-13,-3904.068515030111,-4403.623792662197,0,249.777638816043,1,-3904.068515030111,-0.19520342575150557,0.01248888194080215,-0.19520342575150557,-0.22018118963310984,False
2020-06-10,-3820.3679483777623,-4487.324359314545,0,333.4782054683915,1,333.4782054683915,0.016673910273419572,0.016673910273419572,-0.1910183974188881,-0.22436621796572725,True
2020-07-08,-3840.315106395082,-4467.377201297227,0,313.5310474510724,1,313.5310474510724,0.01567655237255362,0.01567655237255362,-0.1920157553197541,-0.22336886006486134,True
2020-08-05,-4356.5411439388545,-3951.1511637534536,0,-202.69499009270027,1,-202.69499009270027,-0.010134749504635015,-0.010134749504635015,-0.2178270571969427,-0.1975575581876727,True
2020-09-02,-3600.271759575066,-4707.420548117242,0,553.574394271088,1,553.574394271088,0.027678719713554397,0.027678719713554397,-0.1800135879787533,-0.2353710274058621,True
2020-09-30,-3835.6866645243776,-4472.00564316793,0,318.1594893217763,1,318.1594893217763,0.015907974466088815,0.015907974466088815,-0.19178433322621888,-0.22360028215839653,True
2020-10-28,-3013.8393230639704,-5293.852984628338,0,1140.006830782184,1,1140.006830782184,0.0570003415391092,0.0570003415391092,-0.1506919661531985,-0.26469264923141694,True
2020-11-25,-2569.202424029461,-5738.489883662847,0,1584.643729816693,1,1584.643729816693,0.07923218649083465,0.07923218649083465,-0.12846012120147304,-0.28692449418314236,True
2020-12-23,-3169.4443507107017,-5138.247956981607,0,984.4018031354525,1,984.4018031354525,0.049220090156772624,0.049220090156772624,-0.1584722175355351,-0.2569123978490804,True
2021-01-20,-3317.3637570800342,-4990.328550612274,0,836.4823967661198,1,836.4823967661198,0.04182411983830599,0.04182411983830599,-0.1658681878540017,-0.2495164275306137,True
2021-02-17,-3398.9716101382733,-4908.720697554035,0,754.8745437078809,1,754.8745437078809,0.037743727185394045,0.037743727185394045,-0.16994858050691367,-0.24543603487770174,True
2021-03-17,-2566.122782636707,-5741.569525055601,0,1587.7233712094471,1,1587.7233712094471,0.07938616856047236,0.07938616856047236,-0.12830613913183536,-0.28707847625278005,True
2021-04-14,-1642.9868964581547,-6664.705411234154,0,2510.8592573879996,1,2510.8592573879996,0.12554296286939998,0.12554296286939998,-0.08214934482290773,-0.33323527056170765,True
2021-05-12,-1548.4347892025241,-6759.257518489784,0,2605.41136464363,1,2605.41136464363,0.1302705682321815,0.1302705682321815,-0.0774217394601262,-0.3379628759244892,True
2021-06-09,-1493.0065157275587,-6814.685791964749,0,2660.8396381185953,1,2660.8396381185953,0.13304198190592978,0.13304198190592978,-0.07465032578637794,-0.3407342895982374,True
2021-07-07,-591.071748649892,-7716.620559042417,0,3562.774405196262,1,3562.774405196262,0.1781387202598131,0.1781387202598131,-0.029553587432494602,-0.3858310279521209,True
2021-08-04,-1846.498497993543,-6461.193809698765,0,2307.347655852611,1,2307.347655852611,0.11536738279263054,0.11536738279263054,-0.09232492489967715,-0.32305969048493827,True
2021-09-01,-1166.5301364089325,-7141.162171283376,0,2987.316017437222,1,2987.316017437222,0.1493658008718611,0.1493658008718611,-0.05832650682044663,-0.3570581085641688,True
2021-09-29,850.4900935901678,-9158.182401282476,0,5004.336247436322,1,5004.336247436322,0.2502168123718161,0.2502168123718161,0.04252450467950839,-0.4579091200641238,True
2021-10-27,4773.819526575586,-13081.511834267894,0,8927.66568042174,1,8927.66568042174,0.446383284021087,0.446383284021087,0.2386909763287793,-0.6540755917133947,True
2021-11-24,6068.338104157526,-14376.030411849832,0,10222.18425800368,0,0.0,0.0,0.511109212900184,0.3034169052078763,-0.7188015205924916,False
2021-12-22,5758.150963513298,-14065.843271205606,0,9911.997117359453,0,0.0,0.0,0.49559985586797267,0.2879075481756649,-0.7032921635602802,True
2022-01-19,10351.770164748072,-18659.46247244038,0,14505.616318594226,0,0.0,0.0,0.7252808159297113,0.5175885082374035,-0.932973123622019,True
2022-02-16,13233.333145203298,-21541.025452895607,0,17387.179299049454,-1,-21541.025452895607,-1.0770512726447803,0.8693589649524727,0.6616666572601648,-1.0770512726447803,False
2022-03-16,19085.040025716862,-27392.732333409174,0,23238.886179563015,-1,-23238.886179563015,-1.161944308978151,1.161944308978151,0.9542520012858431,-1.3696366166704588,True
2022-04-13,20467.701345550882,-28775.393653243194,0,24621.54749939704,-1,-24621.54749939704,-1.231077374969852,1.231077374969852,1.023385067277544,-1.4387696826621597,True
2022-05-11,23625.966808395267,-31933.65911608758,0,27779.812962241427,-1,-27779.812962241427,-1.3889906481120715,1.3889906481120715,1.1812983404197634,-1.596682955804379,True
2022-06-08,19376.033807165564,-27683.726114857873,0,23529.879961011717,-1,-23529.879961011717,-1.176493998050586,1.176493998050586,0.9688016903582782,-1.3841863057428936,True
2022-07-06,13584.425003868124,-21892.117311560436,0,17738.27115771428,-1,-17738.27115771428,-0.886913557885714,0.886913557885714,0.6792212501934063,-1.0946058655780218,True
2022-08-03,8138.908900013464,-16446.601207705775,0,12292.755053859619,-1,-12292.755053859619,-0.6146377526929809,0.6146377526929809,0.4069454450006732,-0.8223300603852888,True
2022-08-31,4136.232786841281,-12443.925094533588,0,8290.078940687436,-1,-8290.078940687436,-0.41450394703437177,0.41450394703437177,0.20681163934206406,-0.6221962547266794,True
2022-09-28,8983.122249713353,-17290.81455740566,0,13136.968403559507,-1,-13136.968403559507,-0.6568484201779753,0.6568484201779753,0.4491561124856676,-0.864540727870283,True
2022-10-26,6278.985123514706,-14586.677431207012,0,10432.83127736086,-1,-10432.83127736086,-0.521641563868043,0.521641563868043,0.3139492561757353,-0.7293338715603507,True
2022-11-23,-2211.997912029359,-6095.694395662947,0,1941.8482418167937,-1,-1941.8482418167937,-0.09709241209083969,0.09709241209083969,-0.11059989560146796,-0.3047847197831473,True
