date,mean,std,low_thresh,high_thresh,fwd,signal
1990-01-03,,,,,,0
1990-01-31,,,,,0.07689049132038604,0
1990-02-28,,,,,0.08127178905714744,0
1990-03-28,,,,,0.08166218251704203,0
1990-04-25,,,,,0.0833244919231492,0
1990-05-23,,,,,0.08833218314103593,0
1990-06-20,,,,,0.08385379423141587,0
1990-07-18,,,,,0.0831804155163004,0
1990-08-15,,,,,0.08137914726657763,0
1990-09-12,,,,,0.08116848309836104,0
1990-10-10,,,,,0.08320915135093654,0
1990-11-07,,,,,0.0833553811461948,0
1990-12-05,,,,,0.07935649123320264,0
1991-01-02,,,,,0.07680359022609586,0
1991-01-30,,,,,0.07467122092707205,0
1991-02-27,,,,,0.07503875085734227,0
1991-03-27,,,,,0.0746608617907832,0
1991-04-24,,,,,0.07696240530343954,0
1991-05-22,,,,,0.07676474620069583,0
1991-06-19,,,,,0.07721476167306873,0
1991-07-17,,,,,0.0810980886144719,0
1991-08-14,,,,,0.08052058529852357,0
1991-09-11,,,,,0.07305826902304956,0
1991-10-09,,,,,0.07156757246767159,0
1991-11-06,,,,,0.0680377705633748,0
1991-12-04,,,,,0.06667376982942473,0
1992-01-01,0.07779997846614736,0.00592395380493776,0.07483800156367848,0.08076195536861625,0.06274304554306817,1
1992-01-29,0.07712426360352763,0.00694570773426129,0.07365140973639699,0.08059711747065827,0.05932190489227299,1
1992-02-26,0.07647168594900475,0.007327036368459076,0.07280816776477521,0.08013520413323429,0.0643047700395528,1
1992-03-25,0.07589467922325449,0.00749081562791712,0.07214927140929593,0.07964008703721305,0.0666600076475352,1
1992-04-22,0.07537609715660017,0.007422281149901054,0.07166495658164963,0.0790872377315507,0.06984135819013657,1
1992-05-20,0.07467454474216999,0.006998637819817661,0.07117522583226116,0.07817386365207882,0.07009182036585143,1
1992-06-17,0.07399429584459162,0.006929953197755979,0.07052931924571364,0.0774592724434696,0.06616732289437814,1
1992-07-15,0.0733171737284961,0.006856182984791361,0.06988908223610042,0.07674526522089177,0.06557524049781673,1
1992-08-12,0.07246748042746033,0.007178458418271152,0.06887825121832476,0.0760567096365959,0.05928712143964796,1
1992-09-09,0.07152064370590991,0.007596270629614886,0.06772250839110247,0.07531877902071735,0.056550728338049895,1
1992-10-07,0.07039069761905088,0.007964182443310892,0.06640860639739543,0.07437278884070633,0.053830553092601895,1
1992-11-04,0.06932891132716536,0.008006724736466608,0.06532554895893206,0.07333227369539866,0.055748937557171196,1
1992-12-02,0.06861739061660109,0.007901265578613923,0.06466675782729413,0.07256802340590805,0.0608569527585317,1
1992-12-30,0.06810389929849121,0.00778088273733229,0.06421345792982507,0.07199434066715736,0.06345281595523906,1
1993-01-27,0.06755234812927767,0.007804957220342672,0.06364986951910634,0.071454826739449,0.06033089052751991,1
1993-02-24,0.06691883800158574,0.007841379246548274,0.06299814837831161,0.07083952762485987,0.0585674875373521,1
1993-03-24,0.06609512229406006,0.008115651168635864,0.06203729670974213,0.07015294787837799,0.0532442533951158,1
1993-04-21,0.06519244595890812,0.008163650107162801,0.06111062090532672,0.06927427101248952,0.05349282058948881,1
1993-05-19,0.06424360852168523,0.008198408727712273,0.060144404157829096,0.06834281288554137,0.05209497283290066,1
1993-06-16,0.06334557107574046,0.007997068793320896,0.05934703667908001,0.06734410547240091,0.05386578807850476,1
1993-07-14,0.06226735619883668,0.007373330341085223,0.058580691028294066,0.06595402136937929,0.053064501814973596,1
1993-08-11,0.06112616444787671,0.006700670155339536,0.05777582937020694,0.06447649952554647,0.05084959977356457,1
1993-09-08,0.06034526378363435,0.006432179468517483,0.057129174049375606,0.06356135351789309,0.0527548517527478,1
1993-10-06,0.05941398184398526,0.006494922060743886,0.05616652081361332,0.06266144287435721,0.0473542420367954,1
1993-11-03,0.058644885007248036,0.0066157094545384754,0.0553370302799788,0.06195273973451727,0.048041252808207,1
1993-12-01,0.05804814199910413,0.006562058595954073,0.054767112701127094,0.06132917129708117,0.0511584516176834,1
1993-12-29,0.05766239614734713,0.006569813325680612,0.054377489484506825,0.06094730281018744,0.05271365339738584,1
1994-01-26,0.05740445691405674,0.00663339633705447,0.054087758745529506,0.06072115508258397,0.05261548482672293,1
1994-02-23,0.056951211288303764,0.00654506623902054,0.053678678168793494,0.060223744407814035,0.052520383769975774,1
1994-03-23,0.05658828962968113,0.006239668252945977,0.05346845550320814,0.05970812375615411,0.05722404452334623,0
1994-04-20,0.056256563097992845,0.005714023468738962,0.053399551363623364,0.05911357483236233,0.061216468366241596,-1
1994-05-18,0.05621273773826348,0.0056070334717904565,0.05340922100236825,0.0590162544741587,0.06895236101288764,-1
1994-06-15,0.05629231567266031,0.005766383361124641,0.05340912399209799,0.059175507353222634,0.0682363491886958,-1
1994-07-13,0.05642049416069299,0.006012759944552588,0.0534141141884167,0.05942687413296928,0.06890788118666646,-1
1994-08-10,0.0569143847267385,0.006740939969708126,0.05354391474188444,0.06028485471159256,0.0721282761568314,-1
1994-09-07,0.05749219453707248,0.0073269148950164155,0.053828737089564274,0.061155651984580686,0.0715737834067331,-1
1994-10-05,0.0581643744317965,0.0077660599340520844,0.054281344464770453,0.062047404398822545,0.07130723035542659,-1
1994-11-02,0.058939365728631156,0.008487281404987565,0.05469572502613737,0.06318300643112494,0.07589871127487217,-1
1994-11-30,0.059590720311315765,0.009255417806703926,0.0549630114079638,0.06421842921466772,0.07779217190833136,-1
1994-12-28,0.06024972329870494,0.010111777434652497,0.05519383458137869,0.06530561201603119,0.08058689362735787,-1
1995-01-25,0.06101523215257613,0.010844970310257674,0.05559274699744729,0.06643771730770497,0.08023412072817084,-1
1995-02-22,0.061776757798733484,0.011349633159735072,0.05610194121886595,0.06745157437860103,0.07836715433744328,-1
1995-03-22,0.0625039150565199,0.011386683874956328,0.05681057311904173,0.06819725699399806,0.07215034209756223,-1
1995-04-19,0.06315755546536607,0.011336389543116984,0.05748936069380758,0.06882575023692455,0.07048747121948949,-1
1995-05-17,0.06377451414545322,0.011145133060699398,0.05820194761510353,0.06934708067580292,0.06813589851516667,0
1995-06-14,0.06411896984085833,0.010963557825498103,0.058637190928109276,0.06960074875360737,0.06282163615903763,0
1995-07-12,0.0643045029674327,0.010808726503541222,0.05890013971566209,0.06970886621920332,0.057888363105907094,1
1995-08-09,0.06452611470562672,0.010578440543233272,0.05923689443401008,0.06981533497724335,0.05661150496660903,1
1995-09-06,0.0648610392185628,0.010325675363241952,0.059698201536941824,0.07002387690018377,0.061462889089086,0
1995-10-04,0.06530515348533807,0.009776282932608047,0.060417012019034044,0.07019329495164209,0.0589012129729525,1
1995-11-01,0.06570228631590545,0.009242060168971505,0.0610812562314197,0.0703233164003912,0.058366706402958844,1
1995-11-29,0.06591836745099096,0.008949465635575285,0.06144363463320331,0.0703931002687786,0.05677656112990643,1
1995-12-27,0.06601340036750633,0.008815758176272042,0.06160552127937031,0.07042127945564235,0.05518450922678547,1
1996-01-24,0.06608197231136438,0.008713719481803753,0.0617251125704625,0.07043883205226625,0.05439835536703241,1
1996-02-21,0.06607226122574257,0.008729564161923267,0.06170747914478094,0.07043704330670421,0.05226789554380856,1
1996-03-20,0.06600555939558474,0.008806166465614986,0.061602476162777246,0.07040864262839223,0.05548979693924277,1
1996-04-17,0.06596964573995881,0.00882835485300348,0.06155546831345707,0.07038382316646055,0.0602827133199673,1
1996-05-15,0.06577050065414511,0.008816772180382012,0.0613621145639541,0.07017888674433612,0.06377458878173153,0
1996-06-12,0.06561713056939913,0.00880683960605058,0.061213710766373844,0.07002055037242443,0.0642487269853005,0
1996-07-10,0.06561109033703022,0.008804545899285227,0.06120881738738761,0.07001336328667283,0.0687508351450745,0
1996-08-07,0.06543975604763674,0.008715543913303822,0.06108198409098483,0.06979752800428865,0.06767358463260123,0
1996-09-04,0.06513810291423158,0.008630054496210285,0.06082307566612644,0.06945313016233673,0.0637308019381986,0
1996-10-02,0.06503093615083085,0.008567456000864697,0.060747208150398496,0.0693146641512632,0.06852089450700767,0
1996-10-30,0.06458833354260882,0.008275844756609502,0.060450411164304066,0.06872625592091357,0.06439104346109929,0
1996-11-27,0.06394969734226365,0.007845659518539728,0.06002686758299378,0.0678725271015335,0.0611876306993569,0
1996-12-25,0.06312114515148605,0.007122568823079066,0.05955986073994651,0.06668242956302559,0.059044536667140435,1
1997-01-22,0.062404126214483664,0.006210935950207403,0.059298658239379964,0.06550959418958736,0.0615916283661088,0
1997-02-19,0.061833647367354444,0.005300533842658768,0.05918338044602506,0.06448391428868383,0.06353470431208356,0
1997-03-19,0.06140454442703296,0.004865698272156208,0.05897169529095486,0.06383739356311106,0.06099366564920374,0
1997-04-16,0.061237499855730355,0.004609190088409481,0.05893290481152561,0.06354209489993509,0.06614431236562186,-1
1997-05-14,0.06124728159365456,0.004624659548031459,0.05893495181963883,0.06355961136767029,0.0683902237011957,-1
1997-06-11,0.06137541411621576,0.004715287116122408,0.05901777055815456,0.06373305767427696,0.06615308174562913,-1
1997-07-09,0.061654386015443444,0.004715293129430337,0.059296739450728275,0.06401203258015861,0.06514163248582677,-1
1997-08-06,0.06184504575163815,0.0046020921455470635,0.05954399967886462,0.06414609182441168,0.0615686581076712,0
1997-09-03,0.06180016622514555,0.004611647719241651,0.05949434236552473,0.06410599008476638,0.06029602140027867,0
1997-10-01,0.0619116796902404,0.004573642403089316,0.05962485848869574,0.06419850089178505,0.06180056306541829,0
1997-10-29,0.061936517420905446,0.004555337798125336,0.05965884852184278,0.06421418631996811,0.05901248740025023,1
1997-11-26,0.061941654796489394,0.004549357175002878,0.059666976208987955,0.06421633338399084,0.0569101328950892,1
1997-12-24,0.062023213216149085,0.00444109271235415,0.05980266685997201,0.06424375957232616,0.0573050281379373,1
1998-01-21,0.06210472046206287,0.004313160426953812,0.05994814024858596,0.06426130067553977,0.0565175437607908,1
1998-02-18,0.0621393097041529,0.004233998485303074,0.06002231046150136,0.06425630894680444,0.0531672158381494,1
1998-03-18,0.06205283713830019,0.004395129029921993,0.059855272623339194,0.06425040165326118,0.053241510227072374,1
1998-04-15,0.061840210489971396,0.004612535376508106,0.059533942801717345,0.06414647817822546,0.05475442046341853,1
1998-05-13,0.06151007448875167,0.004772935407070892,0.05912360678521622,0.06389654219228712,0.05519105275001873,1
1998-06-10,0.061174785910636006,0.0048778944925954625,0.05873583866433828,0.06361373315693374,0.055531223954293364,1
1998-07-08,0.06063649365297125,0.004779651610442254,0.05824666784775013,0.06302631945819238,0.05475523644579074,1
1998-08-05,0.06010782210737287,0.004730080220022801,0.05774278199736147,0.062472862217384274,0.053928124447043334,1
1998-09-02,0.0597267549101051,0.004824679354749931,0.057314415232730134,0.06213909458748007,0.053823054809236666,1
1998-09-30,0.05893422132345974,0.005011137938537863,0.05642865235419081,0.06143979029272867,0.04791502125422816,1
1998-10-28,0.05805217071493641,0.005943770400829203,0.05508028551452181,0.06102405591535101,0.04145772763949287,1
1998-11-25,0.0572814727054598,0.006763539205607456,0.05389970310265607,0.06066324230826353,0.041149482452964965,1
1998-12-23,0.056750936386293103,0.0071496910796251915,0.053176090846480506,0.0603257819261057,0.045250592368806235,1
1999-01-20,0.05614132066839229,0.007392056287613055,0.05244529252458576,0.059837348812198814,0.04574161970068777,1
1999-02-17,0.0554586760208632,0.007500714692569848,0.05170831867457827,0.059209033367148126,0.04578594347632723,1
1999-03-17,0.05497905557851883,0.007531260651721422,0.05121342525265812,0.05874468590437954,0.04852353414825009,1
1999-04-14,0.05434538635228339,0.007241800554493566,0.05072448607503661,0.05796628662953018,0.04966891248350044,1
1999-05-12,0.05363687463655794,0.006693089514304333,0.05029032987940577,0.05698341939371011,0.04996891909233394,1
1999-06-09,0.05313188920006235,0.006187169789901744,0.050038304305111476,0.056225474095013224,0.053023460396743695,0
1999-07-07,0.05281479204920661,0.005742317868426551,0.049943633114993335,0.055685950983419885,0.05689710656357753,-1
1999-08-04,0.052667255415315355,0.005554620138294278,0.04988994534616822,0.05544456548446249,0.05773270562649874,-1
1999-09-01,0.052559423626910344,0.005426330998269279,0.049846258127775704,0.055272589126044984,0.05749239490174813,-1
1999-09-29,0.05239849299083,0.005198566535248907,0.04979920972320555,0.05499777625845445,0.057616366527329564,-1
1999-10-27,0.05238692030415393,0.0051835672485901155,0.04979513667985887,0.05497870392844899,0.058711597546672434,-1
1999-11-24,0.052541740416244445,0.005380442516053803,0.04985151915821755,0.05523196167427134,0.06093545580944243,-1
1999-12-22,0.05261923766037418,0.005465631504151226,0.04988642190829856,0.055352053412449795,0.05931995648531054,-1
2000-01-19,0.05284928103690335,0.005754506749269985,0.04997202766226836,0.055726534411538346,0.06249867155054923,-1
2000-02-16,0.05336407563600418,0.006351781979477952,0.0501881846462652,0.056539966625743156,0.06655187541477092,-1
2000-03-15,0.05389030687435249,0.006885555985015221,0.05044752888184488,0.057333084866860104,0.06692352242412843,-1
2000-04-12,0.05423328465890454,0.007147433964073381,0.05065956767686785,0.057807001640941234,0.0636718428617719,-1
2000-05-10,0.05446930140120113,0.0072804049539432515,0.05082909892422951,0.05810950387817276,0.06132748804973013,-1
2000-06-07,0.05478494748949724,0.007502795399635012,0.051033549789679736,0.05853634518931475,0.06373802224999198,-1
2000-07-05,0.05502284922965493,0.007599260813611184,0.05122321882284934,0.05882247963646053,0.06094068168989081,-1
2000-08-02,0.055194904953233086,0.007624084978759938,0.05138286246385312,0.059006947442613054,0.0584015732600754,0
2000-08-30,0.055351330332045534,0.007636524825451169,0.05153306791931995,0.05916959274477112,0.05789011465836027,0
2000-09-27,0.0557593387065239,0.007505589531559378,0.052006543940744214,0.05951213347230359,0.05852323899066553,0
2000-10-25,0.05634168326963053,0.006915773349954689,0.052883796594653185,0.059799569944607875,0.056598686280265535,0
2000-11-22,0.05685096179687194,0.006203088976989643,0.05374941730837712,0.05995250628536676,0.05439072416124157,0
2000-12-20,0.057179138104617645,0.0057758128988210375,0.05429123165520713,0.060067044554028164,0.053783176370194606,1
2001-01-17,0.05723042796932602,0.005675228956012016,0.05439281349132002,0.06006804244733203,0.047075156183105434,1
2001-02-14,0.0572426670680906,0.005649847114837651,0.05441774351067177,0.060067590625509426,0.04610416004420643,1
2001-03-14,0.05723569030523559,0.005661145390107766,0.05440511761018171,0.06006626300028948,0.04834213831401977,1
2001-04-11,0.05705774386576898,0.005972649017243749,0.054071419357147106,0.06004406837439085,0.045042305057368594,1
2001-05-09,0.056957611960325234,0.006116342298323471,0.0538994408111635,0.06001578310948697,0.04736548955079653,1
2001-06-06,0.056697037394654246,0.006427076370957981,0.05348349920917526,0.059910575580133234,0.046248521689297994,1
2001-07-04,0.05635253134040383,0.0066520479216402644,0.0530265073795837,0.05967855530122396,0.04793994915306663,1
2001-08-01,0.05601141489891473,0.006804105257218172,0.052609362270305646,0.059413467527523814,0.048863678147782065,1
2001-08-29,0.055612771929865794,0.007014247990717327,0.05210564793450713,0.05911989592522446,0.047127677706475905,1
2001-09-26,0.055145542445036895,0.007275190377799616,0.05150794725613709,0.0587831376339367,0.04546839992177837,1
2001-10-24,0.05446842960216468,0.007734759772141728,0.05060104971609381,0.058335809488235545,0.041106663631994465,1
2001-11-21,0.05374732739198243,0.007977867029128503,0.04975839387741818,0.05773626090654668,0.04218679834470413,1
2001-12-19,0.053225338738946776,0.008042402134615769,0.04920413767163889,0.05724653980625466,0.045748251506383536,1
2002-01-16,0.052617686282084505,0.007909474527528782,0.04866294901832011,0.0565724235458489,0.046699707672130136,1
2002-02-13,0.051763128367229176,0.007535186681683796,0.04799553502638728,0.05553072170807107,0.04433336962853243,1
2002-03-13,0.05099794527563465,0.006919044733126248,0.04753842290907152,0.05445746764219778,0.047028762042670806,1
2002-04-10,0.0504742677833678,0.006418593181520271,0.04726497119260766,0.05368356437412793,0.05005622806283366,0
2002-05-08,0.05005444269136283,0.006025238128502344,0.04704182362711166,0.05306706175561401,0.050412035657600995,0
2002-06-05,0.04947764065075865,0.0053419902093679835,0.04680664554607466,0.052148635755442645,0.04874116919428347,0
2002-07-03,0.04892295369935167,0.004828147351091019,0.04650888002380616,0.05133702737489718,0.04651882095330937,0
2002-07-31,0.04829902044405507,0.004596894955771522,0.04600057296616931,0.05059746792194083,0.0421793086223636,1
2002-08-28,0.04751515043466474,0.004633508854415925,0.04519839600745678,0.0498319048618727,0.037509494414211704,1
2002-09-25,0.04662275253207741,0.00466283720981108,0.044291333927171876,0.04895417113698295,0.03532089352339483,1
2002-10-23,0.04559981549897721,0.005265222792424767,0.042967204102764826,0.04823242689518959,0.03000232341966023,1
2002-11-20,0.044845146000186284,0.0053601351379929845,0.042165078431189794,0.047525213569182774,0.03476931719267763,1
2002-12-18,0.04408510772364765,0.0054424453522712085,0.041363885047512046,0.04680633039978325,0.0340221811801901,1
2003-01-15,0.043544731578485645,0.005818214112393412,0.040635624522288936,0.04645383863468235,0.0330253764088935,1
2003-02-12,0.043077073456070675,0.006086730858293679,0.04003370802692383,0.04612043888521752,0.03394504886141706,1
2003-03-12,0.042445489845232075,0.006364193051226054,0.03926339331961905,0.0456275863708451,0.031920964432216294,1
2003-04-09,0.041784829382565364,0.006948579443548086,0.03831053966079132,0.045259119104339406,0.027865133028034002,1
2003-05-07,0.04117262824920737,0.00713589590205463,0.03760468029818006,0.04474057620023469,0.0314482600834888,1
2003-06-04,0.040507744825893824,0.007442787411332904,0.03678635112022737,0.044229138531560276,0.028961552683145767,1
2003-07-02,0.039574038504804496,0.007976711558203772,0.03558568272570261,0.04356239428390638,0.023663584804744234,1
2003-07-30,0.0387485218883273,0.008086738721216678,0.03470515252771896,0.04279189124893564,0.027400246119374833,1
2003-08-27,0.03833011880661698,0.007915474360480427,0.03437238162637676,0.04228785598685719,0.0362491975820074,0
2003-09-24,0.03808560171477161,0.007783234555601429,0.034193984436970894,0.04197721899257232,0.03911095553379873,0
2003-10-22,0.03781440983016006,0.007796588561355402,0.03391611554948236,0.04171270411083776,0.03405567463209443,0
2003-11-19,0.03756329837448592,0.007755161120222161,0.03368571781437484,0.041440878934597004,0.03565790049717637,0
2003-12-17,0.03717573689520671,0.00757955846442291,0.03338595766299525,0.04096551612741817,0.03567165304512407,0
2004-01-14,0.03673835277195395,0.007332060778782945,0.033072322382562476,0.04040438316134542,0.03532772046755827,0
2004-02-11,0.0363012581249382,0.00719870811566162,0.03270190406710739,0.03990061218276901,0.0329689088061231,0
2004-03-10,0.03578492553121025,0.006872550103679078,0.03234865047937071,0.039221200583049794,0.03360411460574413,0
2004-04-07,0.03501039949031079,0.006311721610142385,0.031854538685239596,0.03816626029538198,0.029918550999447697,1
2004-05-05,0.03442422689244668,0.005476596600703253,0.031685928592095056,0.03716252519279831,0.035171548113134,0
2004-06-02,0.03411432808580446,0.004823020673935762,0.03170281774883658,0.03652583842277234,0.040683800221585964,-1
2004-06-30,0.03398041724039946,0.0045025196784804315,0.031729157401159246,0.03623167707963968,0.04303713897277937,-1
2004-07-28,0.033956659867610255,0.004458946873349224,0.031727186430935646,0.03618613330428486,0.041561616929844135,-1
2004-08-25,0.03409914691163613,0.004632821832993364,0.03178273599513945,0.036415557828132814,0.04121415755888447,-1
2004-09-22,0.034160598649484286,0.0046601915771418735,0.03183050286091335,0.03649069443805522,0.0369186387074469,-1
2004-10-20,0.03432804272457025,0.004582368560839897,0.0320368584441503,0.03661922700499019,0.03435586937189507,0
2004-11-17,0.03430429983170296,0.00458158990318229,0.032013504880111815,0.036595094783294105,0.034152001978128364,0
2004-12-15,0.034378143377530465,0.004592320627661184,0.03208198306369987,0.03667430369136106,0.035942113371705005,0
2005-01-12,0.03448367408161317,0.004591516757780421,0.03218791570272296,0.036779432460503386,0.03576917471504413,0
2005-02-09,0.03464294914843683,0.0046436156231289905,0.03232114133687233,0.03696475696000133,0.0380862005988321,-1
2005-03-09,0.034817429028996,0.0046224271049192765,0.03250621547653636,0.03712864258145564,0.0364574413267545,0
2005-04-06,0.03538251706530632,0.004636556665774067,0.03306423873241929,0.03770079539819335,0.04255742197210253,-1
2005-05-04,0.035772740695904026,0.0047184208114560726,0.03341353029017599,0.03813195110163206,0.041594074479029165,-1
2005-06-01,0.03615165571412217,0.004541838234296341,0.033880736596974,0.03842257483127034,0.03881334315681753,-1
2005-06-29,0.036638202092846274,0.003760993616151476,0.03475770528477053,0.038518698900922015,0.0363137906515709,0
2005-07-27,0.03703224864871279,0.0032573883136226924,0.03540355449190144,0.03866094280552414,0.03764545657190427,0
2005-08-24,0.03720501248622617,0.0033324497161998728,0.035538787628126234,0.03887123734432611,0.040741057357355365,-1
2005-09-21,0.03725657491886304,0.003373241620718298,0.035569954108503894,0.03894319572922219,0.04045157878235744,-1
2005-10-19,0.03747920387816237,0.0033444250291987158,0.035806991363563016,0.03915141639276173,0.03984402757387676,-1
2005-11-16,0.03775879730825851,0.0034869007069420472,0.03601534695478749,0.039502247661729536,0.0429273296796762,-1
2005-12-14,0.03807524286401009,0.0036590007678375613,0.036245742480091304,0.03990474324792887,0.043899237494665067,-1
2006-01-11,0.038374100289123844,0.0037420010766997967,0.03650309975077395,0.04024510082747374,0.04309801352051587,-1
2006-02-08,0.038762913764745575,0.003682634175520043,0.03692159667698555,0.0406042308525056,0.04307805917228807,-1
2006-03-08,0.03919321071497656,0.003709261413946945,0.03733858000800309,0.04104784142195004,0.04479183531174987,-1
2006-04-05,0.039861374861456834,0.0035321943515072497,0.038095277685703206,0.04162747203721046,0.04729081880793467,-1
2006-05-03,0.040323930667336076,0.0036779265816350693,0.03848496737651854,0.04216289395815361,0.04719799906599433,-1
2006-05-31,0.0406682587739832,0.004107005158420763,0.03861475619477282,0.04272176135319358,0.049636330994411094,-1
2006-06-28,0.04092771098756291,0.0044605027093568604,0.038697459632884484,0.04315796234224134,0.04978289652585213,-1
2006-07-26,0.04130867540998046,0.004916490258431918,0.0388504302807645,0.043766920539196424,0.05146669191270023,-1
2006-08-23,0.04161000250551285,0.005145229334057942,0.03903738783848387,0.04418261717254182,0.0490486620427265,-1
2006-09-20,0.04198946973303198,0.005149214460795693,0.03941486250263413,0.04456407696342982,0.0467847866229443,-1
2006-10-18,0.04243904828272152,0.00496298237426365,0.039957557095589694,0.044920539469853346,0.046044911663823206,-1
2006-11-15,0.042908025412583935,0.004718668997368641,0.040548690913899614,0.045267359911268255,0.046345407354550866,-1
2006-12-13,0.0432572455492527,0.004514064128552557,0.04100021348497642,0.045514277613528976,0.045021836925093005,0
2007-01-10,0.0435871521739339,0.0042506723445108145,0.04146181600167849,0.04571248834618931,0.04434674695675537,0
2007-02-07,0.04387984506072465,0.004116628075362185,0.041821531023043555,0.04593815909840574,0.045696215655391635,0
2007-03-07,0.0442554639269047,0.003849146037693367,0.042330890908058014,0.04618003694575139,0.04622353184743574,-1
2007-04-04,0.04429501309751836,0.0038362622413952445,0.04237688197682074,0.046213144218215985,0.04358570040805767,0
2007-05-02,0.04441131182394756,0.003796736430415376,0.04251294360873987,0.04630968003915525,0.04461784136618843,0
2007-05-30,0.044632921528072744,0.003621010413215566,0.04282241632146496,0.04644342673468053,0.04457519546407224,0
2007-06-27,0.04506428582358858,0.0032381217259590585,0.043445224960609055,0.04668334668656811,0.047529262334982836,-1
2007-07-25,0.04550778668820483,0.002959005880662913,0.04402828374787337,0.04698728962853629,0.0491764790519264,-1
2007-08-22,0.045767573544391725,0.002816860190735257,0.0443591434490241,0.04717600363975935,0.04749551561821503,-1
2007-09-19,0.04587642373433927,0.002653143974967695,0.04454985174685542,0.04720299572182312,0.0432816837209933,1
2007-10-17,0.045959561209201846,0.0024851001914936526,0.04471701111345502,0.047202111304948675,0.0420056019203038,1
2007-11-14,0.04592727813398603,0.0025310928035344516,0.04466173173221881,0.047192824535753256,0.04208796972406526,1
2007-12-12,0.04570841128567962,0.002928336098290165,0.04424424323653454,0.04717257933482471,0.03820869943869837,1
2008-01-09,0.045373999945433736,0.003646708902671707,0.04355064549409788,0.04719735439676959,0.03440331867412274,1
2008-02-06,0.04491335148672255,0.004584262292814597,0.04262122034031525,0.04720548263312985,0.031101199245797167,1
2008-03-05,0.044264155067026585,0.005668986091448128,0.04142966202130252,0.04709864811275065,0.027912728399654804,1
2008-04-02,0.043519145839465444,0.006471339471725006,0.040283476103602944,0.04675481557532794,0.027920578891345135,1
2008-04-30,0.04280640454252371,0.007045021769615989,0.039283893657715716,0.04632891542733171,0.028666725345509268,1
2008-05-28,0.04211352543586625,0.007229885051489078,0.03849858291012171,0.04572846796161079,0.03162147422131726,1
2008-06-25,0.041563044356700336,0.007167186888664695,0.03797945091236799,0.04514663780103268,0.03547038846753807,1
2008-07-23,0.041033333960613406,0.006910294729537831,0.03757818659584449,0.04448848132538232,0.0376942216144402,0
2008-08-20,0.040630470779699834,0.00672721732777968,0.03726686211580999,0.04399407944358968,0.038574219338973766,0
2008-09-17,0.040073014666991785,0.00679699642349845,0.03667451645524256,0.04347151287874101,0.0322909276925348,1
2008-10-15,0.03944959377214249,0.006968522305880271,0.03596533261920235,0.04293385492508262,0.029835968397741598,1
2008-11-12,0.03886528842879348,0.007004011130399307,0.035363282863593824,0.04236729399399313,0.031153468427476433,1
2008-12-10,0.03821509221314418,0.00719177577337528,0.03461920432645654,0.04181098009983182,0.028116735318211402,1
2009-01-07,0.03725146051428405,0.007973385090207591,0.03326476796918026,0.04123815305938785,0.019292322786392067,1
2009-02-04,0.0362188768162641,0.008553326833532163,0.03194221339949802,0.04049554023303018,0.018849039506872934,1
2009-03-04,0.035271370204824175,0.008762652363902416,0.030890044022872966,0.039652696386775384,0.021588359949997568,1
2009-04-01,0.034506509765514226,0.008875078960155224,0.030068970285436612,0.03894404924559184,0.023699328985999035,1
2009-04-29,0.03353178049023811,0.009108757653534224,0.028977401663471,0.03808615931700522,0.019274880209009533,1
2009-05-27,0.0327184295257185,0.00902699187717962,0.028204933587128687,0.037231925464308306,0.023428070386562066,1
2009-06-24,0.031972566794927965,0.008542436984154765,0.027701348302850582,0.03624378528700535,0.0281368313344291,0
2009-07-22,0.03126105245135044,0.0077894076615207565,0.027366348620590064,0.03515575628211082,0.0306771061189107,0
2009-08-19,0.030504206286140693,0.007071856128375448,0.026968278221952968,0.03404013435032842,0.027817515322761666,0
2009-09-16,0.029895022644396623,0.006593140727529371,0.026598452280631936,0.03319159300816131,0.02744290903564747,0
2009-10-14,0.029347090212190056,0.006121524541408187,0.026286327941485964,0.03240785248289415,0.02775935868293296,0
2009-11-11,0.02875805700949809,0.005557341042141574,0.025979386488427302,0.031536727530568874,0.02677310645407417,0
2009-12-09,0.028312377354586596,0.0052237490221032955,0.025700502843534947,0.030924251865638245,0.02662102841099957,0
2010-01-06,0.0279457356454039,0.0051124937006241135,0.02538948879509184,0.03050198249571596,0.024870634235372568,1
2010-02-03,0.02790397104399507,0.005090071401827249,0.025358935343081448,0.030449006744908694,0.0300153196091676,0
2010-03-03,0.027895224211817612,0.00509025114640045,0.025350098638617386,0.030440349785017837,0.02768531076304097,0
2010-03-31,0.027822511425923104,0.005103360452286183,0.025270831199780013,0.030374191652066194,0.026030046458087902,0
2010-04-28,0.027832230671581047,0.005105272825015447,0.025279594259073324,0.03038486708408877,0.028919425732615935,0
2010-05-26,0.02772561420635761,0.005051637683798968,0.025199795364458127,0.030251433048257094,0.0288494461255078,0
2010-06-23,0.02726833112489225,0.004856893420888376,0.024839884414448062,0.029696777835336436,0.02358102834943863,1
2010-07-21,0.026680784435987617,0.004452353527929678,0.024454607672022777,0.028906961199952456,0.02241800770291987,1
2010-08-18,0.02592548131737093,0.003996380354648351,0.023927291140046752,0.027923671494695105,0.018936338254939733,1
2010-09-15,0.025318698758978648,0.004184493854793831,0.023226451831581733,0.027410945686375563,0.0165145811743356,1
2010-10-13,0.024811333530260618,0.00440859746955218,0.022607034795484527,0.02701563226503671,0.016644472451072766,1
2010-11-10,0.02411249133301922,0.004786935072552353,0.021719023796743044,0.026505958869295396,0.012983571299200034,1
2010-12-08,0.023570766418349206,0.005102247249053485,0.021019642793822464,0.026121890042875948,0.014031887536791167,1
2011-01-05,0.023651832785971032,0.005048006521988436,0.021127829524976813,0.026175836046965252,0.02140004834455947,0
2011-02-02,0.023871755189058638,0.004954079053447874,0.021394715662334703,0.026348794715782574,0.024567021987150734,0
2011-03-02,0.02396790734654003,0.004932200767647345,0.021501806962716356,0.026434007730363702,0.0240883160445137,0
2011-03-30,0.02400745176627064,0.004934082588378055,0.021540410472081613,0.026474493060459667,0.024727483898994998,0
2011-04-27,0.024231866112021036,0.0048420552760702704,0.0218108384739859,0.02665289375005617,0.025109653198519735,0
2011-05-25,0.024237069535841115,0.004841229563219561,0.021816454754231333,0.026657684317450896,0.023563359405884166,0
2011-06-22,0.023947790990642356,0.004823562319002349,0.021536009831141182,0.02635957215014353,0.020615589159261465,1
2011-07-20,0.02347173275974864,0.0047429732748515245,0.021100246122322877,0.025843219397174405,0.018299592115673932,1
2011-08-17,0.02306943012698693,0.004802845301289326,0.020668007476342266,0.025470852777631593,0.017357646870957266,1
2011-09-14,0.02243602688556671,0.005266549992070738,0.01980275188953134,0.02506930188160208,0.010974424758721799,1
2011-10-12,0.021786182296427644,0.005614345265589677,0.018979009663632807,0.02459335492922248,0.010863399365317133,1
2011-11-09,0.021277986210864002,0.005741454524637091,0.018407258948545457,0.024148713473182547,0.013560008229419532,1
2011-12-07,0.020645562347940967,0.006027835299156237,0.01763164469836285,0.023659479997519085,0.010178007975000633,1
2012-01-04,0.020084102196437803,0.006292597053237107,0.01693780366981925,0.023230400723056356,0.010272670296290332,1
2012-02-01,0.019330019630053655,0.006229317671584282,0.016215360794261516,0.022444678465845795,0.0104091728831798,1
2012-02-29,0.01857894406611975,0.0063575490030099505,0.015400169564614773,0.021757718567624724,0.008157346100759367,1
2012-03-28,0.017961953911676723,0.006383865072737166,0.01477002137530814,0.021153886448045306,0.0099883024425692,1
2012-04-25,0.017309315634823432,0.006078935408414454,0.014269847930616204,0.02034878333903066,0.011950830534430433,1
2012-05-23,0.016584398088153054,0.005763337554932892,0.013702729310686609,0.0194660668656195,0.010001589912077866,1
2012-06-20,0.01601441521508765,0.005776503834304019,0.013126163297935641,0.018902667132239658,0.0087614736497381,1
2012-07-18,0.015469162932450696,0.005816814005677849,0.012560755929611773,0.01837756993528962,0.008241448354359101,1
2012-08-15,0.01501076683261016,0.005999399995625926,0.012011066834797197,0.018010466830423122,0.007018039659085834,1
2012-09-12,0.014740046921018683,0.006086996580516189,0.011696548630760589,0.01778354521127678,0.009475863472957166,1
2012-10-10,0.014410060426631966,0.006210921947207953,0.01130459945302799,0.017515521400235944,0.008064823597018166,1
2012-11-07,0.014195220285893585,0.006357127220056603,0.011016656675865284,0.017373783895921886,0.0073977276400021,1
2012-12-05,0.013948653995805691,0.006486717297722845,0.010705295346944269,0.017192012644667114,0.0076211639945059665,1
2013-01-02,0.013392483497378526,0.006442044429554505,0.010171461282601274,0.01661350571215578,0.0069396153854531005,1
2013-01-30,0.012775416408020305,0.006087486178010942,0.009731673319014833,0.015819159497025774,0.008523277663837066,1
2013-02-27,0.012240458091399484,0.0056489082582488435,0.009416003962275063,0.015064912220523906,0.010179399812372366,0
2013-03-27,0.01162882063148851,0.00507451537964879,0.009091562941664116,0.014166078321312905,0.0088249099413096,1
2013-04-24,0.010992757697174263,0.0042935294726105236,0.008845992960869001,0.013139522433479526,0.008572016906349367,1
2013-05-22,0.010397295756323496,0.003476188768848716,0.008659201371899138,0.012135390140747854,0.008081348943764199,1
2013-06-19,0.010003181818972497,0.0027831352110308225,0.008611614213457085,0.01139474942448791,0.0103686267881355,0
2013-07-17,0.009860801474217872,0.0024116232401768826,0.00865498985412943,0.011066613094306314,0.0145977031520537,-1
2013-08-14,0.009785868000526284,0.002189394164382114,0.008691170918335227,0.01088056508271734,0.015409376554975934,-1
2013-09-11,0.010032102467583553,0.002641704735584345,0.00871125009979138,0.011352954835375725,0.01737652090221083,-1
2013-10-09,0.01038140203336387,0.003279457544393539,0.0087416732611671,0.01202113080556064,0.019945188075605334,-1
2013-11-06,0.010506415989604157,0.0034623275969750842,0.008775252191116615,0.0122375797880917,0.016810371091666998,-1
2013-12-04,0.010713002569179814,0.0035994754927899573,0.008913264822784836,0.012512740315574792,0.0155492590439677,-1
2014-01-01,0.010974911245050876,0.003807866070075327,0.009070978210013212,0.01287884428008854,0.017082295868937964,-1
2014-01-29,0.011359706173704822,0.00423045950309185,0.009244476422158896,0.013474935925250748,0.0204138410281824,-1
2014-02-26,0.011727964779415543,0.004355436256180469,0.009550246651325308,0.013905682907505778,0.017732069849238134,-1
2014-03-26,0.01202024357476065,0.004487016168218954,0.009776735490651174,0.014263751658870127,0.017587551121542002,-1
2014-04-23,0.01232383852822829,0.004741929840318875,0.009952873608068851,0.014694803448387727,0.019844299324589032,-1
2014-05-21,0.012727431799478576,0.00497709825194547,0.010238882673505841,0.015215980925451312,0.020495014964585334,-1
2014-06-18,0.013092043847211462,0.005021975951206275,0.010581055871608324,0.0156030318228146,0.0182413868907931,-1
2014-07-16,0.013538244985771695,0.005088702639191801,0.010993893666175794,0.016082596305367597,0.0198426779569252,-1
2014-08-13,0.014033593144783798,0.005055352032090873,0.011505917128738361,0.016561269160829235,0.0198970917934005,-1
2014-09-10,0.014386521220745298,0.005044731159977414,0.011864155640756591,0.016908886800734005,0.018651993447956202,-1
2014-10-08,0.014865651732608925,0.005011774118487587,0.012359764673365132,0.017371538791852718,0.020522216905472433,-1
2014-11-05,0.01528527613757737,0.004814346915563839,0.012878102679795451,0.01769244959535929,0.018307962169181635,-1
2014-12-03,0.01571197324329209,0.004594522591942316,0.013414711947320931,0.018009234539263248,0.018715288743088667,-1
2014-12-31,0.016154524893890358,0.004257554260637922,0.014025747763571397,0.01828330202420932,0.018445958301008068,-1
2015-01-28,0.01656391574385315,0.0039982661552705944,0.014564782666217854,0.01856304882148845,0.019167439762869668,-1
2015-02-25,0.016726661356954296,0.0038096645090535284,0.014821829102427532,0.01863149361148106,0.0144107857530022,1
2015-03-25,0.017044298847960635,0.003451984972675119,0.015318306361623076,0.018770291334298195,0.017083484707474398,0
2015-04-22,0.01735087572587998,0.002992878252247276,0.01585443659975634,0.018847314852003617,0.016543015732252368,0
2015-05-20,0.017673052934067773,0.0023333017984357614,0.01650640203484989,0.018839703833285655,0.0164579563566468,1
2015-06-17,0.01798239638883867,0.0017978893261549002,0.01708345172576122,0.01888134105191612,0.018411556612178834,0
2015-07-15,0.018148265828278467,0.0016673295295868474,0.017314601063485043,0.01898193059307189,0.018910308577488433,0
2015-08-12,0.01828940569691394,0.0015791964803185032,0.01749980745675469,0.019079003937073194,0.019079013139498235,-1
2015-09-09,0.018305773142290458,0.001571543266040306,0.017520001509270307,0.01909154477531061,0.017802074482000232,0
2015-10-07,0.018205901255348756,0.0015454840772714457,0.017433159216713033,0.01897864329398448,0.017348519015121164,1
2015-11-04,0.018167067294431245,0.0015938803177816664,0.01737012713554041,0.01896400745332208,0.015800688107811735,1
2015-12-02,0.018270445619290542,0.001501805334495768,0.01751954295204266,0.019021348286538425,0.0182370954903094,0
2015-12-30,0.018295380540585188,0.0014865940319588522,0.01755208352460576,0.019038677556564614,0.0177306038225987,0
2016-01-27,0.01826998216129868,0.0014542415453813883,0.017542861388607986,0.018997102933989374,0.0197534831667332,-1
2016-02-24,0.018169917625137897,0.001577058063712396,0.0173813885932817,0.018958446656994095,0.0151303919090578,1
2016-03-23,0.01800386711275799,0.0018453034760325647,0.017081215374741707,0.018926518850774274,0.013270237799664434,1
2016-04-20,0.017833090604093212,0.0018734128082768728,0.016896384199954775,0.01876979700823165,0.015404110099304799,1
2016-05-18,0.01761741459366364,0.0018774822817267155,0.01667867345280028,0.018556155734527,0.014887438693416433,1
2016-06-15,0.01752735125336332,0.0019023528679242604,0.01657617481940119,0.01847852768732545,0.015899740042984833,1
2016-07-13,0.017242615635629573,0.002087014055903222,0.01619910860767796,0.018286122663581185,0.0124395518958477,1
2016-08-10,0.016933873335741575,0.0022648029929707063,0.01580147183925622,0.01806627483222693,0.011869791996312634,1
2016-09-07,0.01667689198155921,0.0024347455247900203,0.015459519219164202,0.01789426474395422,0.011970478239214702,1
2016-10-05,0.016355576413196668,0.0024581194598212496,0.015126516683286044,0.017584636143107294,0.012168012128046267,1
2016-11-02,0.016193487980773056,0.00246316978946531,0.0149619030860404,0.01742507287550571,0.014093662926167766,1
2016-11-30,0.01601960545984802,0.0024374669036417666,0.014800872008027138,0.017238338911668902,0.014194343199037765,1
2016-12-28,0.016101391430322208,0.002554978678751705,0.014823902090946356,0.01737888076969806,0.020572393533336935,-1
2017-01-25,0.01624599028521252,0.0028273145422263294,0.014832333014099353,0.017659647556325684,0.0229270099900177,-1
2017-02-22,0.01653942370000749,0.0030186567245171435,0.01503009533774892,0.01804875206226606,0.022040054537671466,-1
2017-03-22,0.016681959626410874,0.003130785445746171,0.01511656690353779,0.01824735234928396,0.0207894187939624,-1
2017-04-19,0.016854870474339364,0.0032448725547053413,0.015232434196986694,0.018477306751692034,0.0210386977783931,-1
2017-05-17,0.01694595015355099,0.003266448747111829,0.015312725779995075,0.018579174527106904,0.018826028016149066,-1
2017-06-14,0.01696002668525948,0.0032737976493537172,0.015323127860582621,0.01859692550993634,0.018777546436599568,-1
2017-07-12,0.016940406491296408,0.003263153197517201,0.015308829892537807,0.01857198309005501,0.01840018353444853,0
2017-08-09,0.016984244113600916,0.003300475258394249,0.015334006484403792,0.01863448174279804,0.020218791319415532,-1
2017-09-06,0.017044406835114913,0.0033301032032486883,0.015379355233490568,0.018709458436739258,0.0193663052413641,-1
2017-10-04,0.017072963485128698,0.003335993628176365,0.015404966671040516,0.01874096029921688,0.018090991915479502,0
2017-11-01,0.017258360744776144,0.0033958660724205496,0.015560427708565869,0.01895629378098642,0.020621016858645435,-1
2017-11-29,0.017386251093170425,0.0034953563433118852,0.015638572921514483,0.019133929264826367,0.021562244548560667,-1
2017-12-27,0.017548095607755478,0.0036075576939075585,0.015744316760801697,0.019351874454709258,0.021938561201810102,-1
2018-01-24,0.017703761703201995,0.003789271070543418,0.015809126167930287,0.019598397238473703,0.0238008016483427,-1
2018-02-21,0.018088688970939508,0.004018781414798066,0.016079298263540476,0.02009807967833854,0.025138500870233102,-1
2018-03-21,0.018670360115326627,0.004372384938561426,0.016484167646045916,0.02085655258460734,0.028393687553729497,-1
2018-04-18,0.019143069949428028,0.004660050775790746,0.016813044561532656,0.0214730953373234,0.027694565785941233,-1
2018-05-16,0.019659972970043176,0.004907902106798146,0.017206021916644103,0.022113924023442248,0.028326917229410203,-1
2018-06-13,0.02024014910799147,0.005319914810301681,0.017580191702840628,0.02290010651314231,0.030984319629640465,-1
2018-07-11,0.020913784388971766,0.005400925363858038,0.01821332170704275,0.023614247070900783,0.029954069201335434,-1
2018-08-08,0.021551322800825796,0.005267330840176057,0.01891765738073777,0.024184988220913823,0.0284457907045174,-1
2018-09-05,0.02221150425743055,0.005091208414198198,0.01966590005033145,0.024757108464529647,0.029135196110938334,-1
2018-10-03,0.0228404158432534,0.00480269953875693,0.020439066073874936,0.025241765612631865,0.028519713359440497,-1
2018-10-31,0.023495254189416004,0.00472243924715917,0.02113403456583642,0.02585647381299559,0.031119459926395403,-1
2018-11-28,0.024126901107681634,0.004522729390193911,0.02186553641258468,0.026388265802778588,0.030617163073944065,-1
2018-12-26,0.024461876906316515,0.004571204175745653,0.02217627481844369,0.02674747899418934,0.029281764297843998,-1
2019-01-23,0.024616200980585343,0.004585023265860341,0.022323689347655173,0.026908712613515514,0.026939435921007098,-1
2019-02-20,0.024776064616391643,0.004564021629819255,0.022494053801482016,0.02705807543130127,0.0261965090686353,0
2019-03-20,0.02492475215733261,0.004491341753871721,0.02267908128039675,0.02717042303426847,0.024655294858427563,0
2019-04-17,0.02499916314554562,0.004440118142517111,0.022779104074287064,0.027219222216804173,0.022973383471931234,0
2019-05-15,0.02518346743505009,0.0042698161058859286,0.023048559382107127,0.027318375487993055,0.023617939543265434,0
2019-06-12,0.025261042654244448,0.004165832287706919,0.023178126510390987,0.02734395879809791,0.020794502135652797,1
2019-07-10,0.025236890263356314,0.004208799618847406,0.023132490453932612,0.027341290072780015,0.017772221371357002,1
2019-08-07,0.025129136335556822,0.0043749943081983055,0.022941639181457668,0.027316633489655975,0.017417189196628866,1
2019-09-04,0.0249196591085522,0.004774139914795077,0.02253258915115466,0.027306729065949737,0.013919897339243766,1
2019-10-02,0.02470032494008238,0.005211386305418164,0.0220946317873733,0.02730601809279146,0.012388303535264267,1
2019-10-30,0.024447241327700105,0.005565185167011981,0.021664648744194114,0.027229833911206095,0.014040842936706299,1
2019-11-27,0.024221820933333502,0.005800444840231861,0.021321598513217573,0.02712204335344943,0.015701314295029033,1
2019-12-25,0.023986421748794673,0.006016963160830041,0.02097794016837965,0.026994903329209695,0.0158181824038005,1
2020-01-22,0.023706334973727133,0.006192870737309108,0.02060989960507258,0.026802770342381686,0.016518545496586667,1
2020-02-19,0.02333979101389655,0.00638380487227864,0.02014788857775723,0.026531693450035868,0.015608357914637933,1
2020-03-18,0.022765702328996325,0.006579293844852794,0.01947605540656993,0.02605534925142272,0.013467381746323634,1
2020-04-15,0.02202772696008873,0.00706265928866648,0.018496397315755492,0.02555905660442197,0.008507206194343734,1
2020-05-13,0.02108262929346124,0.007792408983202751,0.017186424801859865,0.024978833785062615,0.003754377897095533,1
2020-06-10,0.02002441790808938,0.008248777066250422,0.01590002937496417,0.02414880644121459,0.0034708236099721666,1
2020-07-08,0.01901609729392314,0.0085820317597469,0.014725081414049688,0.02330711317379659,0.003737733233013067,1
2020-08-05,0.018044532110080527,0.008895933459962894,0.013596565380099079,0.022492498840061975,0.003185095924609567,1
2020-09-02,0.017019575038984474,0.009099851027379332,0.012469649525294807,0.02156950055267414,0.0024863122624409002,1
2020-09-30,0.016033948297659206,0.009191777597414477,0.011438059498951967,0.020629837096366444,0.0028934180849835337,1
2020-10-28,0.014959562626903709,0.008988257147285033,0.010465434053261193,0.019453691200546224,0.0031854324867524667,1
2020-11-25,0.013925270228049133,0.008655513228386404,0.009597513613855932,0.018253026842242337,0.0037255607037251,1
2020-12-23,0.012965350078672527,0.008259190424016407,0.008835754866664325,0.01709494529068073,0.004323840414052233,1
2021-01-20,0.012093106698689203,0.007914703770719017,0.008135754813329694,0.016050458584048712,0.004261108041440733,1
2021-02-17,0.01128317267917109,0.007479229908429925,0.0075435577249561275,0.015022787633386053,0.005138224561164333,1
2021-03-17,0.010594525023714661,0.007008205892326354,0.007090422077551483,0.014098627969877838,0.006750455816560367,1
2021-04-14,0.010080252185595098,0.006538335414684482,0.006811084478252857,0.01334941989293734,0.009602289680822633,0
2021-05-12,0.009570394249781285,0.005928902472392229,0.006605943013585171,0.0125348454859774,0.010361633212106267,0
2021-06-09,0.009165499071748948,0.00547371774646026,0.006428640198518817,0.011902357944979078,0.010267227506812034,0
2021-07-07,0.008817445077322522,0.00518463216151696,0.006225128996564041,0.011409761158081002,0.008722817516269934,0
2021-08-04,0.008505618095063833,0.0048816752549018065,0.00606478046761293,0.010946455722514736,0.009309687657902967,0
2021-09-01,0.008277987212908152,0.004755465664010101,0.005900254380903101,0.010655720044913202,0.008001494403196066,0
2021-09-29,0.008158591671021627,0.004686611163487403,0.005815286089277926,0.010501897252765329,0.0092840194462146,0
2021-10-27,0.008072108171565224,0.004593545006109227,0.00577533566851061,0.010368880674619836,0.011792271950839801,-1
2021-11-24,0.007960377180743274,0.0044330806304132015,0.005743836865536673,0.010176917495949876,0.012796308533658367,-1
2021-12-22,0.00794436738707831,0.00440422526658027,0.005742254753788175,0.010146480020368444,0.015401927768511398,-1
2022-01-19,0.007838055553139007,0.004218419304558573,0.00572884590085972,0.009947265205418294,0.013754437814164832,-1
2022-02-16,0.007930380806949352,0.004416884204988382,0.00572193870445516,0.010138822909443544,0.018008814513706867,-1
2022-03-16,0.008245573784047553,0.005071680543839936,0.005709733512127585,0.010781414055967522,0.021662399150876904,-1
2022-04-13,0.008839569789942587,0.0059345434593792105,0.005872298060252982,0.011806841519632193,0.023951102347614602,-1
2022-05-11,0.009825998503015548,0.007077021611798083,0.0062874876971165065,0.01336450930891459,0.029401524436992534,-1
2022-06-08,0.01088441749194793,0.008075875430004861,0.0068464797769455,0.014922355206950361,0.03098971732221407,-1
2022-07-06,0.012001118270716602,0.009002356799054593,0.007499939871189305,0.016502296670243898,0.032771953480998504,-1
2022-08-03,0.013044127830771995,0.009497421419239519,0.008295417121152237,0.017792838540391754,0.030303344486049835,-1
2022-08-31,0.014060712778575376,0.00973376167703241,0.00919383194005917,0.01892759361709158,0.0289175209053288,-1
2022-09-28,0.015255670123067343,0.010203709077090435,0.010153815584522125,0.02035752466161256,0.0339623090417747,-1
2022-10-26,0.01665284947642048,0.010944990915251999,0.01118035401879448,0.02212534493404648,0.039512095673933996,-1
2022-11-23,0.018144317593014467,0.011727126785710983,0.012280754200158976,0.024007880985869957,0.042503731735168804,-1
