date,1,-1,0,signal,pnl,pnl_pct,long_pnl_pct,short_pnl_pct
2001-08-29,-129.1420828242408,-6678.55022486807,0,1,-129.1420828242408,-0.006457104141212039,-0.006457104141212039,-0.3339275112434035
2001-09-26,36807.103168534595,-43614.79547622691,0,1,36807.103168534595,1.8403551584267297,1.8403551584267297,-2.1807397738113456
2001-10-24,3477.754413527038,-10285.446721219349,0,1,3477.754413527038,0.17388772067635191,0.17388772067635191,-0.5142723360609674
2001-11-21,536.0758590871192,-7343.768166779429,0,1,536.0758590871192,0.02680379295435596,0.02680379295435596,-0.36718840833897143
2001-12-19,7264.253295597236,-14071.945603289543,0,1,7264.253295597236,0.3632126647798618,0.3632126647798618,-0.7035972801644772
2002-01-16,4068.0297275071807,-10875.722035199491,0,1,4068.0297275071807,0.20340148637535904,0.20340148637535904,-0.5437861017599747
2002-02-13,-11274.394912067946,4466.702604375637,0,1,-11274.394912067946,-0.5637197456033972,-0.5637197456033972,0.22333513021878185
2002-03-13,-6460.4502320093625,-347.24207568294696,0,1,-6460.4502320093625,-0.32302251160046813,-0.32302251160046813,-0.017362103784147348
2002-04-10,3244.8019837946676,-10052.494291486977,0,1,3244.8019837946676,0.1622400991897334,0.1622400991897334,-0.5026247145743489
2002-05-08,3267.148653409461,-10074.84096110177,0,1,3267.148653409461,0.16335743267047306,0.16335743267047306,-0.5037420480550885
2002-06-05,-129.79699784891,-6677.895309843399,0,1,-129.79699784891,-0.0064898498924455,-0.0064898498924455,-0.33389476549217
2002-07-03,4543.421607771824,-11351.113915464135,0,1,4543.421607771824,0.22717108038859118,0.22717108038859118,-0.5675556957732067
2002-07-31,-1835.8063373753012,-4971.885970317009,0,1,-1835.8063373753012,-0.09179031686876506,-0.09179031686876506,-0.24859429851585044
2002-08-28,-3177.816969078494,-3629.875338613816,0,1,-3177.816969078494,-0.1588908484539247,-0.1588908484539247,-0.1814937669306908
2002-09-25,-1612.484797995558,-5195.207509696752,0,1,-1612.484797995558,-0.08062423989977789,-0.08062423989977789,-0.2597603754848376
2002-10-23,-6317.713169681863,-489.97913801044706,0,1,-6317.713169681863,-0.31588565848409317,-0.31588565848409317,-0.024498956900522353
2002-11-20,14871.222234155892,-21678.914541848204,0,1,14871.222234155892,0.7435611117077946,0.7435611117077946,-1.0839457270924102
2002-12-18,-2181.617075820478,-4626.075231871831,0,1,-2181.617075820478,-0.10908085379102389,-0.10908085379102389,-0.23130376159359156
2003-01-15,-1529.9545250610306,-5277.737782631279,0,1,-1529.9545250610306,-0.07649772625305153,-0.07649772625305153,-0.26388688913156394
2003-02-12,-1368.5079424017677,-5439.184365290542,0,1,-1368.5079424017677,-0.06842539712008838,-0.06842539712008838,-0.27195921826452707
2003-03-12,821.5793393371805,-7629.27164702949,0,1,821.5793393371805,0.04107896696685902,0.04107896696685902,-0.3814635823514745
2003-04-09,-6280.135440539096,-527.5568671532137,0,1,-6280.135440539096,-0.3140067720269548,-0.3140067720269548,-0.026377843357660684
2003-05-07,-3992.3073207522357,-2815.384986940074,0,1,-3992.3073207522357,-0.1996153660376118,-0.1996153660376118,-0.1407692493470037
2003-06-04,1207.426739517874,-8015.1190472101825,0,1,1207.426739517874,0.060371336975893704,0.060371336975893704,-0.40075595236050915
2003-07-02,-126.55833867824958,-6681.13396901406,0,1,-126.55833867824958,-0.006327916933912479,-0.006327916933912479,-0.334056698450703
2003-07-30,-5178.664862961492,-1629.0274447308166,0,1,-5178.664862961492,-0.2589332431480746,-0.2589332431480746,-0.08145137223654084
2003-08-27,-4484.150974142173,-2323.5413335501344,0,1,-4484.150974142173,-0.22420754870710866,-0.22420754870710866,-0.11617706667750673
2003-09-24,-633.5384926404936,-6174.1538150518145,0,1,-633.5384926404936,-0.03167692463202468,-0.03167692463202468,-0.3087076907525907
2003-10-22,-2202.4637195231744,-4605.228588169133,0,1,-2202.4637195231744,-0.11012318597615872,-0.11012318597615872,-0.23026142940845667
2003-11-19,-1806.598205412686,-5001.094102279621,0,1,-1806.598205412686,-0.09032991027063429,-0.09032991027063429,-0.2500547051139811
2003-12-17,-130.11414695162148,-6677.578160740686,0,1,-130.11414695162148,-0.006505707347581074,-0.006505707347581074,-0.33387890803703435
2004-01-14,-301.6022493962246,-6506.090058296084,0,1,-301.6022493962246,-0.01508011246981123,-0.01508011246981123,-0.3253045029148042
2004-02-11,-3610.058856427725,-3197.633451264583,0,1,-3610.058856427725,-0.18050294282138624,-0.18050294282138624,-0.15988167256322916
2004-03-10,-2309.5465709314662,-4498.145736760842,0,1,-2309.5465709314662,-0.1154773285465733,-0.1154773285465733,-0.2249072868380421
2004-04-07,-3946.0284155852573,-2861.6638921070507,0,1,-3946.0284155852573,-0.19730142077926288,-0.19730142077926288,-0.14308319460535254
2004-05-05,-6066.0728399467525,-741.6194677455555,0,1,-6066.0728399467525,-0.3033036419973376,-0.3033036419973376,-0.03708097338727778
2004-06-02,-9810.007435283012,3002.3151275907067,0,1,-9810.007435283012,-0.4905003717641506,-0.4905003717641506,0.15011575637953534
2004-06-30,-5171.5831136071865,-1636.109194085122,0,1,-5171.5831136071865,-0.25857915568035933,-0.25857915568035933,-0.0818054597042561
2004-07-28,176.09815790534094,-6983.790465597651,0,1,176.09815790534094,0.008804907895267047,0.008804907895267047,-0.34918952327988256
2004-08-25,2711.3807989360757,-9519.073106628384,0,1,2711.3807989360757,0.1355690399468038,0.1355690399468038,-0.4759536553314192
2004-09-22,-3541.339248760599,-3266.3530589317106,0,1,-3541.339248760599,-0.17706696243802994,-0.17706696243802994,-0.16331765294658554
2004-10-20,-2322.798076675344,-4484.894231016966,0,1,-2322.798076675344,-0.1161399038337672,-0.1161399038337672,-0.2242447115508483
2004-11-17,-10031.568410479358,3223.8761027870487,0,1,-10031.568410479358,-0.5015784205239678,-0.5015784205239678,0.16119380513935241
2004-12-15,-2824.1054053431385,-3983.5869023491714,0,1,-2824.1054053431385,-0.1412052702671569,-0.1412052702671569,-0.19917934511745858
2005-01-12,-3101.820042574682,-3705.872265117628,0,1,-3101.820042574682,-0.15509100212873408,-0.15509100212873408,-0.18529361325588142
2005-02-09,-842.0660400037295,-5965.62626768858,0,1,-842.0660400037295,-0.04210330200018648,-0.04210330200018648,-0.298281313384429
2005-03-09,-7732.5897715895835,924.8974638972732,0,-1,924.8974638972732,0.04624487319486366,-0.38662948857947915,0.04624487319486366
2005-04-06,928.9136926046017,-7736.606000296912,0,-1,-7736.606000296912,-0.3868303000148456,0.046445684630230084,-0.3868303000148456
2005-05-04,1752.6019240660135,-8560.294231758322,0,-1,-8560.294231758322,-0.42801471158791615,0.08763009620330066,-0.42801471158791615
2005-06-01,5011.029924096886,-11818.722231789197,0,-1,-11818.722231789197,-0.5909361115894598,0.2505514962048443,-0.5909361115894598
2005-06-29,-7239.536312129519,431.84400443720915,0,-1,431.84400443720915,0.021592200221860456,-0.36197681560647593,0.021592200221860456
2005-07-27,-11444.33722138236,4636.64491369005,0,-1,4636.64491369005,0.2318322456845025,-0.5722168610691181,0.2318322456845025
2005-08-24,-2369.2410272854613,-4438.451280406849,0,-1,-4438.451280406849,-0.22192256402034247,-0.11846205136427307,-0.22192256402034247
2005-09-21,4767.553866738434,-11575.246174430744,0,-1,-11575.246174430744,-0.5787623087215372,0.23837769333692171,-0.5787623087215372
2005-10-19,-7041.029694215521,233.33738652321108,0,-1,233.33738652321108,0.011666869326160555,-0.3520514847107761,0.011666869326160555
2005-11-16,-1452.9831957797005,-5354.709111912609,0,-1,-5354.709111912609,-0.26773545559563044,-0.07264915978898502,-0.26773545559563044
2005-12-14,4210.271258526206,-11017.963566218516,0,-1,-11017.963566218516,-0.5508981783109257,0.21051356292631032,-0.5508981783109257
2006-01-11,-2548.5749125365,-4259.11739515581,0,-1,-4259.11739515581,-0.21295586975779052,-0.127428745626825,-0.21295586975779052
2006-02-08,-8300.154745802018,1492.4624381097092,0,-1,1492.4624381097092,0.07462312190548546,-0.4150077372901009,0.07462312190548546
2006-03-08,-2645.18388389351,-4162.508423798799,0,-1,-4162.508423798799,-0.20812542118993999,-0.13225919419467552,-0.20812542118993999
2006-04-05,-1422.043239035158,-5385.649068657152,0,-1,-5385.649068657152,-0.2692824534328576,-0.07110216195175789,-0.2692824534328576
2006-05-03,-6678.868993719652,-128.82331397265807,0,-1,-128.82331397265807,-0.006441165698632904,-0.3339434496859826,-0.006441165698632904
2006-05-31,-1272.7185733347503,-5534.97373435756,0,-1,-5534.97373435756,-0.276748686717878,-0.0636359286667375,-0.276748686717878
2006-06-28,-6736.1590084341215,-71.53329925818844,0,-1,-71.53329925818844,-0.0035766649629094217,-0.3368079504217061,-0.0035766649629094217
2006-07-26,6133.972318982055,-12941.664626674366,0,-1,-12941.664626674366,-0.6470832313337183,0.30669861594910275,-0.6470832313337183
2006-08-23,966.522645936192,-7774.214953628502,0,-1,-7774.214953628502,-0.3887107476814251,0.0483261322968096,-0.3887107476814251
2006-09-20,2098.1102110558386,-8905.802518748149,0,-1,-8905.802518748149,-0.4452901259374074,0.10490551055279193,-0.4452901259374074
2006-10-18,-2104.1663169090248,-4703.525990783285,0,-1,-4703.525990783285,-0.23517629953916427,-0.10520831584545125,-0.23517629953916427
2006-11-15,-2612.766678961826,-4194.925628730483,0,-1,-4194.925628730483,-0.20974628143652418,-0.1306383339480913,-0.20974628143652418
2006-12-13,1531.4489756621642,-8339.141283354475,0,-1,-8339.141283354475,-0.41695706416772377,0.0765724487831082,-0.41695706416772377
2007-01-10,-3798.220879353328,-3009.4714283389817,0,-1,-3009.4714283389817,-0.1504735714169491,-0.1899110439676664,-0.1504735714169491
2007-02-07,-3068.3778496749237,-3739.314458017386,0,-1,-3739.314458017386,-0.1869657229008693,-0.15341889248374618,-0.1869657229008693
2007-03-07,-701.5665579702363,-6106.125749722074,0,-1,-6106.125749722074,-0.3053062874861037,-0.03507832789851181,-0.3053062874861037
2007-04-04,-3976.9115602086913,-2830.7807474836186,0,-1,-2830.7807474836186,-0.14153903737418091,-0.19884557801043456,-0.14153903737418091
2007-05-02,-23.051735455767812,-6784.640572236542,0,-1,-6784.640572236542,-0.33923202861182705,-0.0011525867727883905,-0.33923202861182705
2007-05-30,1977.0052989719743,-8784.697606664284,0,-1,-8784.697606664284,-0.4392348803332142,0.09885026494859872,-0.4392348803332142
2007-06-27,1009.8806423980272,-7817.572950090337,0,-1,-7817.572950090337,-0.3908786475045169,0.05049403211990136,-0.3908786475045169
2007-07-25,-1432.5274599208021,-5375.164847771508,0,-1,-5375.164847771508,-0.2687582423885754,-0.0716263729960401,-0.2687582423885754
2007-08-22,43222.87132776672,-50030.56363545903,0,-1,-50030.56363545903,-2.5015281817729513,2.161143566388336,-2.5015281817729513
2007-09-19,5529.111557652993,-12336.803865345304,0,-1,-12336.803865345304,-0.6168401932672652,0.2764555778826497,-0.6168401932672652
2007-10-17,-1175.20567183,-5632.486635862309,0,-1,-5632.486635862309,-0.28162433179311547,-0.058760283591500005,-0.28162433179311547
2007-11-14,23538.660433044424,-30346.352740736736,0,-1,-30346.352740736736,-1.5173176370368366,1.1769330216522211,-1.5173176370368366
2007-12-12,20655.288601473116,-27462.980909165428,0,-1,-27462.980909165428,-1.3731490454582713,1.0327644300736558,-1.3731490454582713
2008-01-09,-1980.0101888237593,-4827.68211886855,0,-1,-4827.68211886855,-0.2413841059434275,-0.09900050944118798,-0.2413841059434275
2008-02-06,43051.46838843706,-49859.16069612937,0,1,43051.46838843706,2.152573419421853,2.152573419421853,-2.4929580348064686
2008-03-05,13924.23981378962,-20731.932121481932,0,1,13924.23981378962,0.696211990689481,0.696211990689481,-1.0365966060740965
2008-04-02,5147.3455926914785,-11955.037900383788,0,1,5147.3455926914785,0.25736727963457395,0.25736727963457395,-0.5977518950191895
2008-04-30,-4186.331330691413,-2621.360977000896,0,1,-4186.331330691413,-0.20931656653457065,-0.20931656653457065,-0.1310680488500448
2008-05-28,-13797.298937855518,6989.606630163206,0,1,-13797.298937855518,-0.6898649468927758,-0.6898649468927758,0.3494803315081603
2008-06-25,-8086.39179422665,1278.6994865343395,0,1,-8086.39179422665,-0.4043195897113325,-0.4043195897113325,0.06393497432671698
2008-07-23,19252.93374724117,-26060.626054933484,0,1,19252.93374724117,0.9626466873620586,0.9626466873620586,-1.3030313027466742
2008-08-20,1747.967965804526,-8555.660273496836,0,1,1747.967965804526,0.0873983982902263,0.0873983982902263,-0.42778301367484184
2008-09-17,47508.212170744526,-54315.90447843684,0,1,47508.212170744526,2.3754106085372264,2.3754106085372264,-2.715795223921842
2008-10-15,17401.45682608225,-24209.149133774557,0,1,17401.45682608225,0.8700728413041124,0.8700728413041124,-1.2104574566887278
2008-11-12,17503.921016545697,-24311.613324238002,0,1,17503.921016545697,0.8751960508272848,0.8751960508272848,-1.2155806662119
2008-12-10,26422.169090545074,-33229.86139823738,0,1,26422.169090545074,1.3211084545272538,1.3211084545272538,-1.661493069911869
2009-01-07,-3074.4921064370915,-3733.2002012552166,0,1,-3074.4921064370915,-0.15372460532185458,-0.15372460532185458,-0.1866600100627608
2009-02-04,-5020.620308230871,-1787.0719994614365,0,1,-5020.620308230871,-0.25103101541154355,-0.25103101541154355,-0.08935359997307182
2009-03-04,-1896.5112703035463,-4911.181037388762,0,1,-1896.5112703035463,-0.09482556351517732,-0.09482556351517732,-0.24555905186943808
2009-04-01,2315.4202907317876,-9123.112598424095,0,1,2315.4202907317876,0.11577101453658939,0.11577101453658939,-0.4561556299212048
2009-04-29,5821.6927319019715,-12629.385039594283,0,1,5821.6927319019715,0.2910846365950986,0.2910846365950986,-0.6314692519797142
2009-05-27,-691.7297514391012,-6115.962556253207,0,1,-691.7297514391012,-0.03458648757195506,-0.03458648757195506,-0.30579812781266036
2009-06-24,-2414.215372270009,-4393.476935422299,0,1,-2414.215372270009,-0.12071076861350044,-0.12071076861350044,-0.21967384677111496
2009-07-22,850.3383975723909,-7658.030705264699,0,1,850.3383975723909,0.042516919878619545,0.042516919878619545,-0.38290153526323495
2009-08-19,-373.12739365066864,-6434.564914041639,0,1,-373.12739365066864,-0.018656369682533435,-0.018656369682533435,-0.3217282457020819
2009-09-16,891.4200902591269,-7699.112397951435,0,1,891.4200902591269,0.04457100451295634,0.04457100451295634,-0.38495561989757177
2009-10-14,768.5613162178879,-7576.253623910196,0,1,768.5613162178879,0.0384280658108944,0.0384280658108944,-0.3788126811955098
2009-11-11,-2172.829136908488,-4634.863170783819,0,1,-2172.829136908488,-0.10864145684542441,-0.10864145684542441,-0.23174315853919097
2009-12-09,-662.0237039959075,-6145.6686036964,0,1,-662.0237039959075,-0.03310118519979537,-0.03310118519979537,-0.30728343018482
2010-01-06,-1957.0282910884432,-4850.664016603865,0,1,-1957.0282910884432,-0.09785141455442216,-0.09785141455442216,-0.24253320083019325
2010-02-03,-2738.777271078306,-4068.915036614002,0,1,-2738.777271078306,-0.1369388635539153,-0.1369388635539153,-0.2034457518307001
2010-03-03,-2995.44415714405,-3812.248150548258,0,1,-2995.44415714405,-0.1497722078572025,-0.1497722078572025,-0.1906124075274129
2010-03-31,-4016.5933726833878,-2791.0989350089203,0,1,-4016.5933726833878,-0.20082966863416937,-0.20082966863416937,-0.13955494675044602
2010-04-28,-1991.9897386788784,-4815.70256901343,0,1,-1991.9897386788784,-0.09959948693394392,-0.09959948693394392,-0.24078512845067146
2010-05-26,-1741.5034307496185,-5066.18887694269,0,1,-1741.5034307496185,-0.08707517153748093,-0.08707517153748093,-0.2533094438471345
2010-06-23,-672.091772235277,-6135.600535457032,0,1,-672.091772235277,-0.033604588611763846,-0.033604588611763846,-0.3067800267728516
2010-07-21,-2371.7939839636992,-4435.898323728608,0,1,-2371.7939839636992,-0.11858969919818496,-0.11858969919818496,-0.22179491618643044
2010-08-18,-3043.7221064598994,-3763.9702012324087,0,1,-3043.7221064598994,-0.15218610532299495,-0.15218610532299495,-0.18819851006162044
2010-09-15,-3201.2358738899716,-3606.4564338023365,0,1,-3201.2358738899716,-0.16006179369449858,-0.16006179369449858,-0.18032282169011685
2010-10-13,-1491.8421957946416,-5315.8501118976665,0,1,-1491.8421957946416,-0.07459210978973209,-0.07459210978973209,-0.2657925055948833
2010-11-10,-2148.1351411334103,-4659.557166558898,0,1,-2148.1351411334103,-0.10740675705667051,-0.10740675705667051,-0.23297785832794488
2010-12-08,-3818.5080329751636,-2989.184274717145,0,1,-3818.5080329751636,-0.19092540164875818,-0.19092540164875818,-0.14945921373585724
2011-01-05,-2709.7882870323,-4097.904020660008,0,1,-2709.7882870323,-0.13548941435161502,-0.13548941435161502,-0.20489520103300043
2011-02-02,-2575.986502324673,-4231.705805367636,0,1,-2575.986502324673,-0.12879932511623365,-0.12879932511623365,-0.21158529026838177
2011-03-02,-2536.86482986948,-4270.827477822828,0,1,-2536.86482986948,-0.126843241493474,-0.126843241493474,-0.2135413738911414
2011-03-30,-2415.611061945383,-4392.081245746926,0,1,-2415.611061945383,-0.12078055309726915,-0.12078055309726915,-0.21960406228734627
2011-04-27,539.0374376706304,-7346.729745362938,0,1,539.0374376706304,0.026951871883531524,0.026951871883531524,-0.3673364872681469
2011-05-25,-2159.698218356263,-4647.994089336045,0,1,-2159.698218356263,-0.10798491091781316,-0.10798491091781316,-0.23239970446680228
2011-06-22,-1916.8035699843438,-4890.8887377079645,0,1,-1916.8035699843438,-0.0958401784992172,-0.0958401784992172,-0.24454443688539823
2011-07-20,-1895.4815571796655,-4912.210750512642,0,1,-1895.4815571796655,-0.09477407785898327,-0.09477407785898327,-0.24561053752563214
2011-08-17,-1657.2943745397156,-5150.3979331525925,0,1,-1657.2943745397156,-0.08286471872698578,-0.08286471872698578,-0.25751989665762964
2011-09-14,-1724.038043433757,-5083.654264258551,0,1,-1724.038043433757,-0.08620190217168786,-0.08620190217168786,-0.25418271321292757
2011-10-12,-4140.703152210917,-2666.9891554813903,0,1,-4140.703152210917,-0.20703515761054586,-0.20703515761054586,-0.1333494577740695
2011-11-09,-2018.0305498533005,-4789.661757839008,0,1,-2018.0305498533005,-0.10090152749266502,-0.10090152749266502,-0.23948308789195039
2011-12-07,-3425.5136904070196,-3382.1786172852885,0,1,-3425.5136904070196,-0.17127568452035097,-0.17127568452035097,-0.16910893086426443
2012-01-04,-3145.470068399037,-3662.2222392932713,0,1,-3145.470068399037,-0.15727350341995183,-0.15727350341995183,-0.18311111196466356
2012-02-01,-4117.938609427214,-2689.7536982650936,0,1,-4117.938609427214,-0.2058969304713607,-0.2058969304713607,-0.1344876849132547
2012-02-29,-4354.2312129322445,-2453.461094760063,0,1,-4354.2312129322445,-0.21771156064661223,-0.21771156064661223,-0.12267305473800315
2012-03-28,-3022.5680948147337,-3785.1242128775743,0,1,-3022.5680948147337,-0.15112840474073666,-0.15112840474073666,-0.18925621064387874
2012-04-25,-2299.3127110236237,-4508.379596668685,0,1,-2299.3127110236237,-0.11496563555118118,-0.11496563555118118,-0.22541897983343426
2012-05-23,-2213.0168817313265,-4594.675425960982,0,1,-2213.0168817313265,-0.11065084408656634,-0.11065084408656634,-0.2297337712980491
2012-06-20,-3492.6490615760686,-3315.0432461162395,0,1,-3492.6490615760686,-0.17463245307880343,-0.17463245307880343,-0.16575216230581197
2012-07-18,-1333.6804148547917,-5474.011892837516,0,1,-1333.6804148547917,-0.06668402074273957,-0.06668402074273957,-0.27370059464187585
2012-08-15,-2416.0116452819107,-4391.680662410397,0,1,-2416.0116452819107,-0.12080058226409553,-0.12080058226409553,-0.21958403312051986
2012-09-12,-2570.252874252263,-4237.439433440044,0,1,-2570.252874252263,-0.12851264371261317,-0.12851264371261317,-0.2118719716720022
2012-10-10,-3504.2319448223743,-3303.4603628699338,0,1,-3504.2319448223743,-0.17521159724111873,-0.17521159724111873,-0.1651730181434967
2012-11-07,-2435.593414818702,-4372.098892873606,0,1,-2435.593414818702,-0.12177967074093511,-0.12177967074093511,-0.2186049446436803
2012-12-05,-2926.399825827904,-3881.292481864404,0,1,-2926.399825827904,-0.1463199912913952,-0.1463199912913952,-0.19406462409322023
2013-01-02,-1715.9488474139812,-5091.743460278327,0,1,-1715.9488474139812,-0.08579744237069907,-0.08579744237069907,-0.25458717301391637
2013-01-30,-2306.899658371032,-4500.792649321276,0,1,-2306.899658371032,-0.11534498291855158,-0.11534498291855158,-0.22503963246606382
2013-02-27,-3678.353175551623,-3129.3391321406853,0,1,-3678.353175551623,-0.18391765877758115,-0.18391765877758115,-0.15646695660703425
2013-03-27,-2662.2923498853906,-4145.399957806918,0,1,-2662.2923498853906,-0.13311461749426953,-0.13311461749426953,-0.2072699978903459
2013-04-24,-1500.2037762023294,-5307.488531489978,0,1,-1500.2037762023294,-0.07501018881011647,-0.07501018881011647,-0.26537442657449895
2013-05-22,-2380.286388875916,-4427.405918816392,0,1,-2380.286388875916,-0.1190143194437958,-0.1190143194437958,-0.2213702959408196
2013-06-19,-2936.931209759906,-3870.7610979324018,0,1,-2936.931209759906,-0.1468465604879953,-0.1468465604879953,-0.1935380548966201
2013-07-17,-2695.7497043847343,-4111.942603307574,0,1,-2695.7497043847343,-0.13478748521923672,-0.13478748521923672,-0.2055971301653787
2013-08-14,-2517.418099320519,-4290.274208371789,0,1,-2517.418099320519,-0.12587090496602596,-0.12587090496602596,-0.21451371041858946
2013-09-11,-2359.6226612346545,-4448.069646457654,0,1,-2359.6226612346545,-0.11798113306173272,-0.11798113306173272,-0.22240348232288268
2013-10-09,-4249.250030656451,-2558.442277035857,0,1,-4249.250030656451,-0.21246250153282253,-0.21246250153282253,-0.12792211385179283
2013-11-06,-4942.2712152719505,-1865.4210924203571,0,1,-4942.2712152719505,-0.24711356076359753,-0.24711356076359753,-0.09327105462101785
2013-12-04,-3269.9995380529135,-3537.692769639395,0,1,-3269.9995380529135,-0.16349997690264567,-0.16349997690264567,-0.17688463848196975
2014-01-01,-2826.504261293054,-3981.1880463992543,0,1,-2826.504261293054,-0.1413252130646527,-0.1413252130646527,-0.19905940231996272
2014-01-29,-1330.463789727864,-5477.228517964444,0,1,-1330.463789727864,-0.0665231894863932,-0.0665231894863932,-0.2738614258982222
2014-02-26,-3459.3982387080055,-3348.2940689843026,0,1,-3459.3982387080055,-0.1729699119354003,-0.1729699119354003,-0.16741470344921514
2014-03-26,-2652.6091590529345,-4155.083148639374,0,1,-2652.6091590529345,-0.13263045795264672,-0.13263045795264672,-0.20775415743196868
2014-04-23,-2249.338877845115,-4558.353429847193,0,1,-2249.338877845115,-0.11246694389225574,-0.11246694389225574,-0.22791767149235967
2014-05-21,-3572.169761614362,-3235.522546077946,0,1,-3572.169761614362,-0.17860848808071808,-0.17860848808071808,-0.16177612730389732
2014-06-18,-3083.537430643414,-3724.154877048894,0,1,-3083.537430643414,-0.15417687153217072,-0.15417687153217072,-0.18620774385244468
2014-07-16,-2872.5659280584146,-3935.1263796338935,0,1,-2872.5659280584146,-0.14362829640292074,-0.14362829640292074,-0.19675631898169466
2014-08-13,-3049.338498776495,-3758.3538089158133,0,1,-3049.338498776495,-0.15246692493882472,-0.15246692493882472,-0.18791769044579065
2014-09-10,-2643.130189367414,-4164.562118324894,0,1,-2643.130189367414,-0.1321565094683707,-0.1321565094683707,-0.20822810591624472
2014-10-08,-2780.037260238855,-4027.655047453453,0,1,-2780.037260238855,-0.13900186301194276,-0.13900186301194276,-0.20138275237267264
2014-11-05,-3616.8859013378446,-3190.8064063544634,0,-1,-3190.8064063544634,-0.15954032031772317,-0.18084429506689223,-0.15954032031772317
2014-12-03,-2581.36786953927,-4226.324438153038,0,-1,-4226.324438153038,-0.21131622190765187,-0.1290683934769635,-0.21131622190765187
2014-12-31,-4335.692788618763,-2471.9995190735453,0,-1,-2471.9995190735453,-0.12359997595367726,-0.21678463943093818,-0.12359997595367726
2015-01-28,-392.2090319551994,-6415.483275737109,0,-1,-6415.483275737109,-0.3207741637868554,-0.01961045159775997,-0.3207741637868554
2015-02-25,-2017.847123988364,-4789.845183703944,0,-1,-4789.845183703944,-0.23949225918519718,-0.1008923561994182,-0.23949225918519718
2015-03-25,-3948.97252396671,-2858.719783725598,0,-1,-2858.719783725598,-0.14293598918627992,-0.1974486261983355,-0.14293598918627992
2015-04-22,-1542.3484548353088,-5265.343852857,0,-1,-5265.343852857,-0.26326719264285,-0.07711742274176543,-0.26326719264285
2015-05-20,-1268.6987823787304,-5538.993525313577,0,-1,-5538.993525313577,-0.27694967626567885,-0.06343493911893652,-0.27694967626567885
2015-06-17,-2803.0378110033225,-4004.6544966889855,0,-1,-4004.6544966889855,-0.20023272483444926,-0.14015189055016614,-0.20023272483444926
2015-07-15,-2084.743574082775,-4722.9487336095335,0,-1,-4722.9487336095335,-0.23614743668047666,-0.10423717870413876,-0.23614743668047666
2015-08-12,-6050.461882793576,-757.230424898732,0,-1,-757.230424898732,-0.0378615212449366,-0.30252309413967876,-0.0378615212449366
2015-09-09,-1059.416683603015,-5748.275624089293,0,-1,-5748.275624089293,-0.28741378120446465,-0.05297083418015075,-0.28741378120446465
2015-10-07,6887.183601679723,-13694.875909372033,0,-1,-13694.875909372033,-0.6847437954686016,0.34435918008398614,-0.6847437954686016
2015-11-04,-8125.749627982953,1318.0573202906453,0,-1,1318.0573202906453,0.06590286601453227,-0.40628748139914767,0.06590286601453227
2015-12-02,-5636.691359414501,-1171.0009482778073,0,-1,-1171.0009482778073,-0.05855004741389037,-0.28183456797072504,-0.05855004741389037
2015-12-30,-529.5474127074058,-6278.144894984902,0,-1,-6278.144894984902,-0.31390724474924514,-0.026477370635370288,-0.31390724474924514
2016-01-27,2537.5962267574387,-9345.288534449748,0,-1,-9345.288534449748,-0.4672644267224874,0.12687981133787193,-0.4672644267224874
2016-02-24,-1964.2763396859093,-4843.4159680063985,0,-1,-4843.4159680063985,-0.24217079840031994,-0.09821381698429546,-0.24217079840031994
2016-03-23,-78.47474480659275,-6729.217562885715,0,-1,-6729.217562885715,-0.33646087814428577,-0.003923737240329637,-0.33646087814428577
2016-04-20,3827.421878939974,-10635.114186632283,0,-1,-10635.114186632283,-0.5317557093316142,0.19137109394699867,-0.5317557093316142
2016-05-18,-3422.5431051324595,-3385.1492025598486,0,-1,-3385.1492025598486,-0.16925746012799245,-0.17112715525662298,-0.16925746012799245
2016-06-15,1813.8596585891792,-8621.551966281488,0,-1,-8621.551966281488,-0.4310775983140744,0.09069298292945896,-0.4310775983140744
2016-07-13,-2532.5209899897304,-4275.171317702578,0,-1,-4275.171317702578,-0.2137585658851289,-0.12662604949948653,-0.2137585658851289
2016-08-10,-1979.821621889844,-4827.870685802464,0,-1,-4827.870685802464,-0.2413935342901232,-0.0989910810944922,-0.2413935342901232
2016-09-07,-2863.635083470693,-3944.057224221615,0,-1,-3944.057224221615,-0.19720286121108074,-0.14318175417353465,-0.19720286121108074
2016-10-05,817.0721701829825,-7624.76447787529,0,-1,-7624.76447787529,-0.3812382238937645,0.040853608509149125,-0.3812382238937645
2016-11-02,-1298.8547475627306,-5508.8375601295775,0,-1,-5508.8375601295775,-0.2754418780064789,-0.06494273737813654,-0.2754418780064789
2016-11-30,-4308.839099902336,-2498.8532077899717,0,-1,-2498.8532077899717,-0.12494266038949858,-0.2154419549951168,-0.12494266038949858
2016-12-28,-553.7888048943009,-6253.903502798007,0,-1,-6253.903502798007,-0.31269517513990036,-0.027689440244715046,-0.31269517513990036
2017-01-25,-635.2193093915471,-6172.472998300761,0,-1,-6172.472998300761,-0.30862364991503805,-0.03176096546957735,-0.30862364991503805
2017-02-22,-3434.45307146596,-3373.239236226348,0,-1,-3373.239236226348,-0.1686619618113174,-0.17172265357329802,-0.1686619618113174
2017-03-22,-9532.616340089824,2724.9240323975164,0,-1,2724.9240323975164,0.13624620161987583,-0.4766308170044912,0.13624620161987583
2017-04-19,-2299.684915400176,-4508.007392292132,0,-1,-4508.007392292132,-0.2254003696146066,-0.11498424577000882,-0.2254003696146066
2017-05-17,-3300.9791929307457,-3506.713114761562,0,-1,-3506.713114761562,-0.17533565573807808,-0.1650489596465373,-0.17533565573807808
2017-06-14,-5011.933684635529,-1795.7586230567792,0,-1,-1795.7586230567792,-0.08978793115283897,-0.25059668423177645,-0.08978793115283897
2017-07-12,-1213.779906281216,-5593.912401411092,0,-1,-5593.912401411092,-0.2796956200705546,-0.0606889953140608,-0.2796956200705546
2017-08-09,-1731.4734319937659,-5076.218875698542,0,-1,-5076.218875698542,-0.25381094378492713,-0.0865736715996883,-0.25381094378492713
2017-09-06,-1971.4638470249956,-4836.228460667312,0,-1,-4836.228460667312,-0.2418114230333656,-0.09857319235124977,-0.2418114230333656
2017-10-04,-2512.94565385557,-4294.746653836738,0,-1,-4294.746653836738,-0.2147373326918369,-0.1256472826927785,-0.2147373326918369
2017-11-01,-4141.40504730336,-2666.2872603889473,0,-1,-2666.2872603889473,-0.13331436301944738,-0.20707025236516802,-0.13331436301944738
2017-11-29,-5912.57781988679,-895.114487805517,0,-1,-895.114487805517,-0.04475572439027585,-0.2956288909943395,-0.04475572439027585
2017-12-27,-3552.7919872060106,-3254.9003204862993,0,-1,-3254.9003204862993,-0.162745016024315,-0.17763959936030052,-0.162745016024315
2018-01-24,-2441.718614868315,-4365.9736928239945,0,-1,-4365.9736928239945,-0.2182986846411997,-0.12208593074341575,-0.2182986846411997
2018-02-21,-7158.573028154442,350.8807204621321,0,-1,350.8807204621321,0.017544036023106606,-0.3579286514077221,0.017544036023106606
2018-03-21,-1546.0038853507479,-5261.688422341562,0,-1,-5261.688422341562,-0.2630844211170781,-0.07730019426753738,-0.2630844211170781
2018-04-18,-1575.157373144122,-5232.534934548188,0,-1,-5232.534934548188,-0.26162674672740943,-0.0787578686572061,-0.26162674672740943
2018-05-16,-2053.9719423158394,-4753.72036537647,0,-1,-4753.72036537647,-0.23768601826882352,-0.10269859711579198,-0.23768601826882352
2018-06-13,1534.1778555414667,-8341.870163233776,0,-1,-8341.870163233776,-0.41709350816168883,0.07670889277707332,-0.41709350816168883
2018-07-11,-1300.6343147069351,-5507.057992985375,0,-1,-5507.057992985375,-0.27535289964926873,-0.06503171573534676,-0.27535289964926873
2018-08-08,-3438.894403299857,-3368.797904392453,0,-1,-3368.797904392453,-0.16843989521962263,-0.17194472016499285,-0.16843989521962263
2018-09-05,-1543.8413303626266,-5263.850977329683,0,-1,-5263.850977329683,-0.26319254886648413,-0.07719206651813133,-0.26319254886648413
2018-10-03,-3484.4309357415095,-3323.2613719508004,0,-1,-3323.2613719508004,-0.16616306859754001,-0.17422154678707547,-0.16616306859754001
2018-10-31,-2908.7128705182495,-3898.979437174058,0,-1,-3898.979437174058,-0.1949489718587029,-0.14543564352591248,-0.1949489718587029
2018-11-28,-1240.8283579359784,-5566.863949756331,0,-1,-5566.863949756331,-0.27834319748781655,-0.06204141789679892,-0.27834319748781655
2018-12-26,-875.4017744729326,-5932.290533219377,0,-1,-5932.290533219377,-0.2966145266609688,-0.04377008872364663,-0.2966145266609688
2019-01-23,126.16348105097723,-6933.855788743287,0,-1,-6933.855788743287,-0.34669278943716436,0.006308174052548861,-0.34669278943716436
2019-02-20,-1580.121516139151,-5227.570791553158,0,-1,-5227.570791553158,-0.2613785395776579,-0.07900607580695755,-0.2613785395776579
2019-03-20,-1682.8765723106192,-5124.8157353816905,0,-1,-5124.8157353816905,-0.2562407867690845,-0.08414382861553096,-0.2562407867690845
2019-04-17,-1885.6313965058428,-4922.060911186467,0,-1,-4922.060911186467,-0.24610304555932333,-0.09428156982529215,-0.24610304555932333
2019-05-15,-1290.1577105628407,-5517.534597129469,0,-1,-5517.534597129469,-0.27587672985647343,-0.06450788552814204,-0.27587672985647343
2019-06-12,6024.721615340862,-12832.413923033171,0,-1,-12832.413923033171,-0.6416206961516585,0.3012360807670431,-0.6416206961516585
2019-07-10,458.9695925296551,-7266.661900221965,0,-1,-7266.661900221965,-0.36333309501109823,0.022948479626482752,-0.36333309501109823
2019-08-07,-79.84312518135903,-6727.84918251095,0,-1,-6727.84918251095,-0.3363924591255475,-0.003992156259067951,-0.3363924591255475
2019-09-04,-1841.199843435917,-4966.492464256393,0,-1,-4966.492464256393,-0.24832462321281962,-0.09205999217179585,-0.24832462321281962
2019-10-02,-222.27108184152166,-6585.421225850789,0,-1,-6585.421225850789,-0.3292710612925394,-0.011113554092076082,-0.3292710612925394
2019-10-30,2069.371361356136,-8877.063669048446,0,-1,-8877.063669048446,-0.4438531834524223,0.10346856806780678,-0.4438531834524223
2019-11-27,-3639.3573071962123,-3168.3350004960976,0,-1,-3168.3350004960976,-0.15841675002480488,-0.1819678653598106,-0.15841675002480488
2019-12-25,-2348.8815365189303,-4458.81077117338,0,-1,-4458.81077117338,-0.22294053855866902,-0.11744407682594651,-0.22294053855866902
2020-01-22,-730.7133762509861,-6076.978931441324,0,-1,-6076.978931441324,-0.3038489465720662,-0.036535668812549306,-0.3038489465720662
2020-02-19,-3369.625207745113,-3438.0670999471968,0,-1,-3438.0670999471968,-0.17190335499735981,-0.16848126038725567,-0.17190335499735981
2020-03-18,59687.20234759993,-66494.89465529224,0,-1,-66494.89465529224,-3.324744732764612,2.9843601173799965,-3.324744732764612
2020-04-15,-7150.075938622762,342.3836309304543,0,-1,342.3836309304543,0.017119181546522713,-0.3575037969311381,0.017119181546522713
2020-05-13,-1130.0518688530528,-5677.640438839255,0,-1,-5677.640438839255,-0.28388202194196277,-0.05650259344265264,-0.28388202194196277
2020-06-10,-4522.121659365185,-2285.570648327123,0,-1,-2285.570648327123,-0.11427853241635615,-0.22610608296825926,-0.11427853241635615
2020-07-08,-1907.3016935319865,-4900.390614160322,0,-1,-4900.390614160322,-0.2450195307080161,-0.09536508467659933,-0.2450195307080161
2020-08-05,-632.3054060025115,-6175.386901689797,0,-1,-6175.386901689797,-0.30876934508448983,-0.03161527030012558,-0.30876934508448983
2020-09-02,-3171.389955548539,-3636.302352143769,0,-1,-3636.302352143769,-0.18181511760718844,-0.15856949777742696,-0.18181511760718844
2020-09-30,-2775.8391013227288,-4031.8532063695793,0,-1,-4031.8532063695793,-0.20159266031847897,-0.13879195506613642,-0.20159266031847897
2020-10-28,-3129.49400671349,-3678.198300978818,0,-1,-3678.198300978818,-0.18390991504894091,-0.15647470033567448,-0.18390991504894091
2020-11-25,-2344.792512429713,-4462.899795262595,0,-1,-4462.899795262595,-0.22314498976312977,-0.11723962562148565,-0.22314498976312977
2020-12-23,-3357.420755109498,-3450.27155258281,0,-1,-3450.27155258281,-0.1725135776291405,-0.16787103775547488,-0.1725135776291405
2021-01-20,-3532.7202264257035,-3274.9720812666046,0,-1,-3274.9720812666046,-0.16374860406333022,-0.17663601132128517,-0.16374860406333022
2021-02-17,-1438.847584862287,-5368.844722830021,0,1,-1438.847584862287,-0.07194237924311435,-0.07194237924311435,-0.26844223614150103
2021-03-17,-2518.745672189675,-4288.946635502633,0,1,-2518.745672189675,-0.12593728360948375,-0.12593728360948375,-0.21444733177513167
2021-04-14,-2573.2993582856943,-4234.392949406614,0,1,-2573.2993582856943,-0.12866496791428472,-0.12866496791428472,-0.2117196474703307
2021-05-12,-3153.0921307590997,-3654.600176933209,0,1,-3153.0921307590997,-0.157654606537955,-0.157654606537955,-0.18273000884666044
2021-06-09,-3196.6120616497506,-3611.0802460425575,0,1,-3196.6120616497506,-0.15983060308248753,-0.15983060308248753,-0.18055401230212786
2021-07-07,-3721.2544807728923,-3086.437826919416,0,1,-3721.2544807728923,-0.1860627240386446,-0.1860627240386446,-0.1543218913459708
2021-08-04,-3515.629097714173,-3292.063209978135,0,1,-3515.629097714173,-0.17578145488570868,-0.17578145488570868,-0.16460316049890675
2021-09-01,-3812.267459714255,-2995.4248479780526,0,1,-3812.267459714255,-0.19061337298571274,-0.19061337298571274,-0.14977124239890263
2021-09-29,-2824.645202671246,-3983.047105021062,0,1,-2824.645202671246,-0.1412322601335623,-0.1412322601335623,-0.19915235525105313
2021-10-27,-4231.397513391079,-2576.2947943012286,0,1,-4231.397513391079,-0.21156987566955393,-0.21156987566955393,-0.12881473971506144
2021-11-24,-4178.035033071783,-2629.6572746205256,0,1,-4178.035033071783,-0.20890175165358912,-0.20890175165358912,-0.13148286373102627
2021-12-22,-5296.545720040219,-1511.146587652089,0,1,-5296.545720040219,-0.26482728600201094,-0.26482728600201094,-0.07555732938260445
2022-01-19,-8489.505372591597,1681.81306489929,0,-1,1681.81306489929,0.08409065324496451,-0.42447526862957985,0.08409065324496451
2022-02-16,-10461.154195402803,3653.461887710495,0,-1,3653.461887710495,0.18267309438552476,-0.5230577097701402,0.18267309438552476
2022-03-16,-1187.1268580104943,-5620.565449681814,0,-1,-5620.565449681814,-0.2810282724840907,-0.05935634290052472,-0.2810282724840907
2022-04-13,-7296.111178007134,488.4188703148261,0,-1,488.4188703148261,0.024420943515741308,-0.3648055589003567,0.024420943515741308
2022-05-11,696.8451478899342,-7504.537455582242,0,-1,-7504.537455582242,-0.3752268727791121,0.03484225739449671,-0.3752268727791121
2022-06-08,-5087.072528275733,-1720.6197794165753,0,-1,-1720.6197794165753,-0.08603098897082877,-0.2543536264137866,-0.08603098897082877
2022-07-06,-23270.84007461326,16463.14776692095,0,-1,16463.14776692095,0.8231573883460475,-1.1635420037306632,0.8231573883460475
2022-08-03,-3612.949957592226,-3194.742350100084,0,-1,-3194.742350100084,-0.1597371175050042,-0.1806474978796113,-0.1597371175050042
2022-08-31,-6146.196946467535,-661.495361224775,0,-1,-661.495361224775,-0.03307476806123875,-0.30730984732337674,-0.03307476806123875
2022-09-28,-13539.551959609744,6731.859651917436,0,-1,6731.859651917436,0.3365929825958718,-0.6769775979804872,0.3365929825958718
2022-10-26,-14626.688266295645,7818.995958603334,0,-1,7818.995958603334,0.3909497979301667,-0.7313344133147822,0.3909497979301667
2022-11-23,-1188.8749964610633,-5618.817311231246,0,-1,-5618.817311231246,-0.2809408655615623,-0.059443749823053164,-0.2809408655615623
